


-- ----------------------------
-- Records of admin_sm_auth_info
-- ----------------------------
INSERT INTO `admin_sm_auth_info` VALUES ('8867baf39f87408d8d3f2eb6c0294201', '本地认证', 'uaaWebLocationAuthVerify', '本地认证', '1', '40', '2021-09-30 11:07:37');


-- ----------------------------
-- Records of admin_sm_auth_reco
-- ----------------------------
INSERT INTO `admin_sm_auth_reco` VALUES ('00848d74a030403ebf98eccc411ddbf1', 'test', 'R', 'cc81a8d86f274c81bc680a0bbd27e358', 'C', '29ae768414f240e9b51e9039019460f2', '40', '2020-04-26 00:00:00', 'a9dd3aa991cb423e94212dd18a42200c', '1');
INSERT INTO `admin_sm_auth_reco` VALUES ('00a940bad37e49db9ed19d6df9fbb978', 'test', 'U', '40', 'M', '39c0cf27c05a4eff8aba3be93ccb4bf6', '40', '2021-01-21 00:00:00', '39c0cf27c05a4eff8aba3be93ccb4bf6', '1');
INSERT INTO `admin_sm_auth_reco` VALUES ('01699975f6314816b5e88c1fdc6af69a', 'test', 'R', 'cc81a8d86f274c81bc680a0bbd27e358', 'M', 'e22e72e7cadd49a0bb42c6544f5dd12f', '40', '2020-04-26 00:00:00', 'e22e72e7cadd49a0bb42c6544f5dd12f', '1');
INSERT INTO `admin_sm_auth_reco` VALUES ('019b5cb45ec24e829f1c0c824257bb0f', 'test', 'R', 'cc81a8d86f274c81bc680a0bbd27e358', 'C', '51458009ba1f44c2a21ebe1a8276bbea', '40', '2020-04-26 00:00:00', '907c8c7ad35646b285d37bac9f74fb0b', '1');
INSERT INTO `admin_sm_auth_reco` VALUES ('020fdb03965b4a548419fb1386ad0c7b', 'test', 'R', 'cc81a8d86f274c81bc680a0bbd27e358', 'M', '0bebfbf96424497c8c99bb4693185c84', '40', '2020-04-26 00:00:00', '0bebfbf96424497c8c99bb4693185c84', '1');
INSERT INTO `admin_sm_auth_reco` VALUES ('02e6ac8512a845b5a9c0a54ed8354e6a', 'test', 'R', 'cc81a8d86f274c81bc680a0bbd27e358', 'C', 'f665e30adf50441496c64ccd995e563b', '40', '2020-04-26 00:00:00', 'd9d4e444f1c4448dbed674d11e138a5a', '1');
INSERT INTO `admin_sm_auth_reco` VALUES ('02eb479a44e14543a500960dfc255a59', 'test', 'R', 'cc81a8d86f274c81bc680a0bbd27e358', 'C', '465c979a9ecf4a3fa7e9071a727b0a25', '40', '2020-04-26 00:00:00', '63c2e6d0c5dc496490f4ea44dd3abf6e', '1');
INSERT INTO `admin_sm_auth_reco` VALUES ('030128b2ff1c43f39d6f1310cd4f3d88', 'test', 'R', 'cc81a8d86f274c81bc680a0bbd27e358', 'M', 'ed03c7a1318f40fa9dadcba37209d286', '40', '2021-01-21 00:00:00', 'ed03c7a1318f40fa9dadcba37209d286', '1');
INSERT INTO `admin_sm_auth_reco` VALUES ('039cf35ed138472695c5fe571a09e164', 'test', 'R', 'cc81a8d86f274c81bc680a0bbd27e358', 'M', '4f41b539a727424b88f77415600728ae', '40', '2021-01-21 00:00:00', '4f41b539a727424b88f77415600728ae', '1');
INSERT INTO `admin_sm_auth_reco` VALUES ('041874ebb6e54985ab4536dab29d718a', 'test', 'R', 'cc81a8d86f274c81bc680a0bbd27e358', 'M', '777d2d0b29bf47499982085e07c4d7c6', '40', '2020-04-26 00:00:00', '777d2d0b29bf47499982085e07c4d7c6', '1');
INSERT INTO `admin_sm_auth_reco` VALUES ('05ADA82152234338940350DC975084A7', 'test', 'U', '40', 'C', '60A92D76219F45B3B4FB5C6F0194801B', '40', '2021-01-21 01:29:37', '9C0AAA98C2FF4A3493AD02DB5249FE59', '1');
INSERT INTO `admin_sm_auth_reco` VALUES ('05ae04707e614489b4ae28e3c05da903', 'test', 'R', 'cc81a8d86f274c81bc680a0bbd27e358', 'C', 'ccca8093dc064f5abcc89ec6c020759c', '40', '2020-04-26 00:00:00', '63c2e6d0c5dc496490f4ea44dd3abf6e', '1');
INSERT INTO `admin_sm_auth_reco` VALUES ('099b10f759294beeb3d0f1afa43c43ec', 'test', 'R', 'cc81a8d86f274c81bc680a0bbd27e358', 'M', '768fe25057394bf5a56be040ee420424', '40', '2020-04-26 00:00:00', '768fe25057394bf5a56be040ee420424', '1');
INSERT INTO `admin_sm_auth_reco` VALUES ('0AD8C38C2AE7482CA75DCE0C3F49058A', 'test', 'U', '40', 'M', '2F1CE2C7129E40B9BEA1D231E6F607B5', '40', '2021-01-20 23:59:53', '2F1CE2C7129E40B9BEA1D231E6F607B5', '1');
INSERT INTO `admin_sm_auth_reco` VALUES ('0c072bd3598143c69828f7f884bbfc1f', 'test', 'R', 'cc81a8d86f274c81bc680a0bbd27e358', 'C', 'fbd2cd29cea9403a8b49b242a9ac6e60', '40', '2020-04-26 00:00:00', 'ed03c7a1318f40fa9dadcba37209d286', '1');
INSERT INTO `admin_sm_auth_reco` VALUES ('0cb000294a7c43b4aef583bdae2abc1a', 'test', 'R', 'cc81a8d86f274c81bc680a0bbd27e358', 'M', 'a70c9cce715a4c73b6827a7f7ba337cc', '40', '2020-04-26 00:00:00', 'a70c9cce715a4c73b6827a7f7ba337cc', '1');
INSERT INTO `admin_sm_auth_reco` VALUES ('0d4577f7e0bb46948965ce4f5cf4b170', 'test', 'R', 'cc81a8d86f274c81bc680a0bbd27e358', 'C', '6922013364a94cd1a6f9b1ede231815f', '40', '2020-04-26 00:00:00', '4eccf88dbdce4151a2a31ea0f236021c', '1');
INSERT INTO `admin_sm_auth_reco` VALUES ('0e787b6a9b114f8d8fbc0f2f5902778f', 'test', 'R', 'cc81a8d86f274c81bc680a0bbd27e358', 'C', '164acad3a573437b8d72d4ff7e834147', '40', '2020-04-26 00:00:00', '8367fb9ae69c4e9aaf6c31316c01a38f', '1');
INSERT INTO `admin_sm_auth_reco` VALUES ('0EC2BD3072A84746BE62BBEBF2CE864E', 'test', 'U', '40', 'C', '91D7F6FE70254D3D9F17BDC1FCD8FC7C', '40', '2021-01-21 01:34:04', '4f41b539a727424b88f77415600728ae', '1');
INSERT INTO `admin_sm_auth_reco` VALUES ('0f3348f3bcdc4f3e8e613f54d7c36641', 'test', 'R', 'cc81a8d86f274c81bc680a0bbd27e358', 'C', '53c5a7c1e12b43e88cff989292852bbc', '40', '2020-04-26 00:00:00', '0bebfbf96424497c8c99bb4693185c84', '1');
INSERT INTO `admin_sm_auth_reco` VALUES ('0f99b89e60ce45ae963dbd67e0d731f6', 'test', 'R', 'cc81a8d86f274c81bc680a0bbd27e358', 'C', '9889ad530b47428fb596e52724fc8ac0', '40', '2020-04-26 00:00:00', '5ed68cd744914c83ba300d85eda1b3c8', '1');
INSERT INTO `admin_sm_auth_reco` VALUES ('0F9AD6A8B85E4CC99FE7E7A388397AF8', 'test', 'U', '40', 'C', '3BA9999E99E849F4B9A4464F3D835E63', '40', '2021-01-21 01:26:40', '18A066E3C2154A7B97BCE9EE9D09E301', '1');
INSERT INTO `admin_sm_auth_reco` VALUES ('0fc6a405ac05471ea09bde41629aec73', 'test', 'R', 'cc81a8d86f274c81bc680a0bbd27e358', 'C', '9bfd1f87a0fc4dfaa3d2f77b3917d763', '40', '2020-04-26 00:00:00', '3936f63cdc994a038a4935e9bcbcdc3d', '1');
INSERT INTO `admin_sm_auth_reco` VALUES ('1009E2C2BE3F402C847A8E3E0060BD8C', 'test', 'U', '40', 'C', 'DBC0E92783474A47900C588C10A861C4', '40', '2021-01-21 02:36:18', '28B79650A4BD49E99A0EF88DF36B1420', '1');
INSERT INTO `admin_sm_auth_reco` VALUES ('106CE6D9B4B047F4ADCC88A1725C90BE', 'test', 'U', '40', 'M', '869baf3c788448668f8e98fbc9687fde', '40', '2021-04-07 14:21:57', '869baf3c788448668f8e98fbc9687fde', '1');
INSERT INTO `admin_sm_auth_reco` VALUES ('1294C16DD4E6419A8B7E2A7955918650', 'test', 'U', '40', 'C', 'B62E466EA903483184116A03ADD43058', '40', '2021-01-21 02:54:46', '28B79650A4BD49E99A0EF88DF36B1420', '1');
INSERT INTO `admin_sm_auth_reco` VALUES ('129DD53006F14D33A035DE147DB513E6', 'test', 'U', '40', 'C', '6DD443E67AD749F7A159EE69FD67B74D', '40', '2021-01-21 01:27:38', '18A066E3C2154A7B97BCE9EE9D09E301', '1');
INSERT INTO `admin_sm_auth_reco` VALUES ('13A6AA430C2641F4B3C57C482912E651', 'test', 'U', '40', 'C', '8028C73E637D4D39AAEF6C393010CCB7', '40', '2021-01-21 02:36:57', '28B79650A4BD49E99A0EF88DF36B1420', '1');
INSERT INTO `admin_sm_auth_reco` VALUES ('144D026E0F504D6E80EC3835179993F2', 'test', 'U', '40', 'C', '91F6FAE07F25421A875A03AD8C562C96', '40', '2021-01-21 03:07:59', '9C0AAA98C2FF4A3493AD02DB5249FE59', '1');
INSERT INTO `admin_sm_auth_reco` VALUES ('14691703401747D4AD6C7601CEDC242F', 'test', 'U', '40', 'M', '1B1B389E2F1F4F128F04D7EF4719A62A', '40', '2021-01-21 00:06:19', '1B1B389E2F1F4F128F04D7EF4719A62A', '1');
INSERT INTO `admin_sm_auth_reco` VALUES ('14E8E117345646659C3D9E0D455D8534', 'test', 'U', '40', 'C', 'B1EE1AAA3AF54402B777C6D1E33F6FA9', '40', '2021-01-21 01:40:49', '45929301250A47E2999734F0E0EBFFCA', '1');
INSERT INTO `admin_sm_auth_reco` VALUES ('177BC675FB7844F0AAF51CFC20D4CE11', 'test', 'U', '40', 'C', '563D0DD4DC474931ACB6FAB88438D2C1', '40', '2021-01-21 02:48:06', 'DF1A797285ED4A2F8C0BB14D561343AA', '1');
INSERT INTO `admin_sm_auth_reco` VALUES ('1A0D9EA7923941649D20952BA448971F', 'test', 'U', '40', 'C', '2664FFC2C7514B3F85735355BE4F035F', '40', '2021-01-21 01:46:43', 'ed03c7a1318f40fa9dadcba37209d286', '1');
INSERT INTO `admin_sm_auth_reco` VALUES ('1d4889a654744230a96e17d7e46f7002', 'test', 'R', 'cc81a8d86f274c81bc680a0bbd27e358', 'C', '6dc6031acaec4ee7ae7a5f1158d5d5b9', '40', '2020-04-26 00:00:00', '4173d1d5031842c4b844d1728105f1c8', '1');
INSERT INTO `admin_sm_auth_reco` VALUES ('21e1a1a34fae4f6589e8fbbbff0480d6', 'test', 'R', 'cc81a8d86f274c81bc680a0bbd27e358', 'C', 'c9ed77239d964cb2a8fa9c72e808808e', '40', '2020-04-26 00:00:00', '5ed68cd744914c83ba300d85eda1b3c8', '1');
INSERT INTO `admin_sm_auth_reco` VALUES ('2223424DFD5C4F989E4C39D771202074', 'test', 'R', 'cc81a8d86f274c81bc680a0bbd27e358', 'M', '3C11954C1A0B45E58F8E29F6333ABDCF', '40', '2021-01-21 00:08:10', 'dafdca98d69041a5aa190a6e489be358', '1');
INSERT INTO `admin_sm_auth_reco` VALUES ('241BC2425922422999E1EB2B9D36417A', 'test', 'U', '40', 'C', '67649F0F6C864E57B725FABA426049C8', '40', '2021-01-21 02:37:40', '28B79650A4BD49E99A0EF88DF36B1420', '1');
INSERT INTO `admin_sm_auth_reco` VALUES ('252858439036464eb70053cc4ec2d461', 'test', 'R', 'cc81a8d86f274c81bc680a0bbd27e358', 'C', '4c77830aac4248c99809396196b98aeb', '40', '2020-04-26 00:00:00', 'e22e72e7cadd49a0bb42c6544f5dd12f', '1');
INSERT INTO `admin_sm_auth_reco` VALUES ('25EED6631D68435A996494D3DEBB43FE', 'test', 'U', '40', 'C', 'F2DE49327E5D4702AB6371B6F8F8D600', '40', '2021-01-21 01:39:37', '45929301250A47E2999734F0E0EBFFCA', '1');
INSERT INTO `admin_sm_auth_reco` VALUES ('278d690baf88450584b12c73d1bdf0c4', 'test', 'R', 'cc81a8d86f274c81bc680a0bbd27e358', 'M', '3fdfb39fccac4d1da47174f5b5fb1402', '40', '2020-04-26 00:00:00', '3fdfb39fccac4d1da47174f5b5fb1402', '1');
INSERT INTO `admin_sm_auth_reco` VALUES ('285C525A9A4646D5AEC6B78E24837AE9', 'test', 'U', '40', 'C', '2164EEA2EBB84485B9A0DB2B52D4A0CB', '40', '2021-01-21 02:46:11', 'DF1A797285ED4A2F8C0BB14D561343AA', '1');
INSERT INTO `admin_sm_auth_reco` VALUES ('290a603acebb434191761641ac325e83', 'test', 'R', 'cc81a8d86f274c81bc680a0bbd27e358', 'M', '41aa202dd22d4ad4af569541e2737391', '40', '2020-04-26 00:00:00', '41aa202dd22d4ad4af569541e2737391', '1');
INSERT INTO `admin_sm_auth_reco` VALUES ('29275B21A492418188226B8C298EFBF8', 'test', 'U', '40', 'C', '0DC0231091154853BE6D786A28063406', '40', '2021-01-21 02:32:06', '5F10CCBDE81F4FCD948E5363637534F8', '1');
INSERT INTO `admin_sm_auth_reco` VALUES ('2A091493EA844A0E9D591E51A71EDA46', 'test', 'U', '40', 'C', 'FAF21270C30B45FF951B0A7F036C5E07', '40', '2021-01-21 01:58:03', '3C11954C1A0B45E58F8E29F6333ABDCF', '1');
INSERT INTO `admin_sm_auth_reco` VALUES ('2ae57f9e5e824447a353d2b1ca226a7c', 'test', 'R', 'cc81a8d86f274c81bc680a0bbd27e358', 'M', '733c7872049a429c8381b10c5969fca0', '40', '2020-04-26 00:00:00', '733c7872049a429c8381b10c5969fca0', '1');
INSERT INTO `admin_sm_auth_reco` VALUES ('2AE8FF478878486AAAF26804E1A69A3D', 'test', 'U', '40', 'C', '28AA89E0C0894FD98D88D0DD22F65654', '40', '2021-01-21 02:22:29', 'ed03c7a1318f40fa9dadcba37209d286', '1');
INSERT INTO `admin_sm_auth_reco` VALUES ('2BBCD7992B4E43288E4CF0EFE93E74F6', 'test', 'R', 'cc81a8d86f274c81bc680a0bbd27e358', 'M', 'B2D8D34DF0B14E93BCAC68AEEB24C4C6', '40', '2021-01-21 00:08:10', '74d47cbb74d64263b5b2da4f18bfdd2d', '1');
INSERT INTO `admin_sm_auth_reco` VALUES ('2D41E8EA22ED49DA8B803FC548F48C60', 'test', 'U', '40', 'C', '221B0C08DBC045D885F01DBF51CCE150', '40', '2021-01-21 02:38:20', '28B79650A4BD49E99A0EF88DF36B1420', '1');
INSERT INTO `admin_sm_auth_reco` VALUES ('2DAF2A21BAE24FDE9BC24D3262419583', 'test', 'U', '40', 'C', '6A344483B1F04634AE9A257FC90BCBC9', '40', '2021-01-21 02:01:48', '2F1CE2C7129E40B9BEA1D231E6F607B5', '1');
INSERT INTO `admin_sm_auth_reco` VALUES ('2e7a4a875aba43b1853e2513f42ff5ff', 'test', 'R', 'cc81a8d86f274c81bc680a0bbd27e358', 'C', '1795f499879c41b6897fac13e466c184', '40', '2020-04-26 00:00:00', '4173d1d5031842c4b844d1728105f1c8', '1');
INSERT INTO `admin_sm_auth_reco` VALUES ('2FE7A9B32FB54F5C98D98B94B9A9D215', 'test', 'U', '40', 'M', 'B4411741F5D14CE3ACECE21C50F1C6F6', '40', '2021-01-21 00:00:41', 'B4411741F5D14CE3ACECE21C50F1C6F6', '1');
INSERT INTO `admin_sm_auth_reco` VALUES ('30256760a627434480100a0002b6ef62', 'test', 'U', '40', 'M', 'dafdca98d69041a5aa190a6e489be358', '40', '2021-01-21 00:00:00', 'dafdca98d69041a5aa190a6e489be358', '1');
INSERT INTO `admin_sm_auth_reco` VALUES ('30268970d43d407bb71be24faf6ba15e', 'test', 'R', 'cc81a8d86f274c81bc680a0bbd27e358', 'C', '98fe97c56f954f9e9166296c682674cf', '40', '2020-04-26 00:00:00', '63c2e6d0c5dc496490f4ea44dd3abf6e', '1');
INSERT INTO `admin_sm_auth_reco` VALUES ('303A0E8F13D84AF1BF15FB2EA83B4F80', 'test', 'U', '40', 'C', '5B3F6DF881324FA6B686485B64A01001', '40', '2021-01-21 01:57:15', '3C11954C1A0B45E58F8E29F6333ABDCF', '1');
INSERT INTO `admin_sm_auth_reco` VALUES ('30e92b307a72400d8295fdaf23c96e53', 'test', 'R', 'cc81a8d86f274c81bc680a0bbd27e358', 'M', 'c228f7c0c45a4cf9a712b04eb93df5f6', '40', '2020-04-26 00:00:00', 'c228f7c0c45a4cf9a712b04eb93df5f6', '1');
INSERT INTO `admin_sm_auth_reco` VALUES ('30f772e104094384a7e89ed3a5aa5b57', 'test', 'R', 'cc81a8d86f274c81bc680a0bbd27e358', 'C', 'a445e4fba7e3416f8d37c3d052cbe1bf', '40', '2020-04-26 00:00:00', '5ed68cd744914c83ba300d85eda1b3c8', '1');
INSERT INTO `admin_sm_auth_reco` VALUES ('32eefcb79bb3424cb807f7c68b7456b3', 'test', 'R', 'cc81a8d86f274c81bc680a0bbd27e358', 'M', '47556a4c54da42d5bc9ad8d87f36c7d5', '40', '2020-04-26 00:00:00', '47556a4c54da42d5bc9ad8d87f36c7d5', '1');
INSERT INTO `admin_sm_auth_reco` VALUES ('32FD537FA6594FC8977CD11C1355444E', 'test', 'R', 'cc81a8d86f274c81bc680a0bbd27e358', 'M', 'DF1A797285ED4A2F8C0BB14D561343AA', '40', '2021-01-21 00:08:10', '74d47cbb74d64263b5b2da4f18bfdd2d', '1');
INSERT INTO `admin_sm_auth_reco` VALUES ('35A6C29379164C67B0BF11A1FF2507EC', 'test', 'U', '40', 'C', 'F5CDBC860FB941ED9128826953436930', '40', '2021-01-21 02:00:57', '2F1CE2C7129E40B9BEA1D231E6F607B5', '1');
INSERT INTO `admin_sm_auth_reco` VALUES ('36f9aa614c324a608f3d4bbc99dc82df', 'test', 'R', 'cc81a8d86f274c81bc680a0bbd27e358', 'M', '39c0cf27c05a4eff8aba3be93ccb4bf6', '40', '2021-01-21 00:00:00', '39c0cf27c05a4eff8aba3be93ccb4bf6', '1');
INSERT INTO `admin_sm_auth_reco` VALUES ('3822171e10ce4013adc9e9b0580f3d89', 'test', 'R', 'cc81a8d86f274c81bc680a0bbd27e358', 'C', 'cacdac94d56143208e887f7f5e2ad3f9', '40', '2020-04-26 00:00:00', '0bebfbf96424497c8c99bb4693185c84', '1');
INSERT INTO `admin_sm_auth_reco` VALUES ('383f5638f74845a6a5e3d9c89de81f84', 'test', 'R', 'cc81a8d86f274c81bc680a0bbd27e358', 'M', '05e53e39cfc04d50a5a4371ff6294773', '40', '2020-04-26 00:00:00', '05e53e39cfc04d50a5a4371ff6294773', '1');
INSERT INTO `admin_sm_auth_reco` VALUES ('3872c16d49424d4c914a770eb7acfc3a', 'test', 'R', 'cc81a8d86f274c81bc680a0bbd27e358', 'C', 'cc885d433edc40098b2e49be2360e571', '40', '2020-04-26 00:00:00', '4eccf88dbdce4151a2a31ea0f236021c', '1');
INSERT INTO `admin_sm_auth_reco` VALUES ('39169a90f9014af6b55b5ebb91f23afe', 'test', 'R', 'cc81a8d86f274c81bc680a0bbd27e358', 'M', 'a854b72e7bec46d1ab27d182b2f88b5d', '40', '2020-04-26 00:00:00', 'a854b72e7bec46d1ab27d182b2f88b5d', '1');
INSERT INTO `admin_sm_auth_reco` VALUES ('3976250153a2496a9ff27ed3ef82b375', 'test', 'R', 'cc81a8d86f274c81bc680a0bbd27e358', 'M', 'edb70e2ba72c45358364c46c27f59432', '40', '2020-04-26 00:00:00', 'edb70e2ba72c45358364c46c27f59432', '1');
INSERT INTO `admin_sm_auth_reco` VALUES ('3a52d29dbc4241b89d3db5fda0c68123', 'test', 'R', 'cc81a8d86f274c81bc680a0bbd27e358', 'C', '387f91f7ad684ee195dcdadef6a06002', '40', '2020-04-26 00:00:00', '63c2e6d0c5dc496490f4ea44dd3abf6e', '1');
INSERT INTO `admin_sm_auth_reco` VALUES ('3A582DF27EFE48CD9EEC36D0C01FA7F5', 'test', 'U', '40', 'C', '6757B757CD0540C9AB2146B34B0003D9', '40', '2021-01-21 01:42:51', '45929301250A47E2999734F0E0EBFFCA', '1');
INSERT INTO `admin_sm_auth_reco` VALUES ('3C4A54BF4FEE4C2EAC392E9CE0450BD2', 'test', 'U', '40', 'C', 'B0C77719E4A749DC8D0088F304E5B292', '40', '2021-01-21 02:52:16', 'B2D8D34DF0B14E93BCAC68AEEB24C4C6', '1');
INSERT INTO `admin_sm_auth_reco` VALUES ('3cb2a25ade0d4ae4b4809206d67d5df6', 'test', 'R', 'cc81a8d86f274c81bc680a0bbd27e358', 'M', '8b0c26d45792416fb31d314586f6ebf7', '40', '2020-04-26 00:00:00', '8b0c26d45792416fb31d314586f6ebf7', '1');
INSERT INTO `admin_sm_auth_reco` VALUES ('3CE0179A85864E0E96036073A558E174', 'test', 'R', 'cc81a8d86f274c81bc680a0bbd27e358', 'M', 'f7e5e43f35fe40b49ada1a7f3dfbc4bf', '40', '2021-03-03 17:29:10', '99d2457ae47d4e149c4e1a5b594d5716', '1');
INSERT INTO `admin_sm_auth_reco` VALUES ('3de3245be5874e0481f1d806cbd6b9f6', 'test', 'R', 'cc81a8d86f274c81bc680a0bbd27e358', 'C', 'da1b6574e28646909fa61820b59b7f8c', '40', '2020-04-26 00:00:00', '5ed68cd744914c83ba300d85eda1b3c8', '1');
INSERT INTO `admin_sm_auth_reco` VALUES ('3FB82CBECEA943FE844FEB056B48C3E8', 'test', 'U', '40', 'C', '7C50C2FD935149F49DC0F8885B23054A', '40', '2021-01-21 02:02:56', '2F1CE2C7129E40B9BEA1D231E6F607B5', '1');
INSERT INTO `admin_sm_auth_reco` VALUES ('420CA5A333264407B9EFAB5A52909107', 'test', 'U', '40', 'C', '012AB7395A2B40C8BCCF8B9BA0017B7B', '40', '2021-01-21 02:25:36', 'ed03c7a1318f40fa9dadcba37209d286', '1');
INSERT INTO `admin_sm_auth_reco` VALUES ('43be4bd0f2484b838b7260e742cf3fa2', 'test', 'R', 'cc81a8d86f274c81bc680a0bbd27e358', 'C', '78b1a9198d6b4107bb59d15750d3d94e', '40', '2020-04-26 00:00:00', 'a9dd3aa991cb423e94212dd18a42200c', '1');
INSERT INTO `admin_sm_auth_reco` VALUES ('43e0c65ec3364555bcaf32127821366d', 'test', 'R', 'cc81a8d86f274c81bc680a0bbd27e358', 'C', 'c2246098622649678444b1b122ecf499', '40', '2020-04-26 00:00:00', '4173d1d5031842c4b844d1728105f1c8', '1');
INSERT INTO `admin_sm_auth_reco` VALUES ('44eda8d00791448a81c58b9b7a5ff560', 'test', 'R', 'cc81a8d86f274c81bc680a0bbd27e358', 'C', '97028e1e74bc411f927d28c1c102e1b4', '40', '2020-04-26 00:00:00', '8878aee19d8a4943ab8fcdd06028144b', '1');
INSERT INTO `admin_sm_auth_reco` VALUES ('45257f7ec3ec41f88a9d580b659a0f03', 'test', 'R', 'cc81a8d86f274c81bc680a0bbd27e358', 'C', 'c1050950748140639587b0c682a8b59c', '40', '2020-04-26 00:00:00', '8367fb9ae69c4e9aaf6c31316c01a38f', '1');
INSERT INTO `admin_sm_auth_reco` VALUES ('452F786EEAB344219449C70A02BF8922', 'test', 'R', 'cc81a8d86f274c81bc680a0bbd27e358', 'C', '16F4279FA1D648A9B09D9B2B1FD41F69', '40', '2021-03-03 17:29:10', 'f7e5e43f35fe40b49ada1a7f3dfbc4bf', '1');
INSERT INTO `admin_sm_auth_reco` VALUES ('487a04e4618d4ebc9d0fb89aaefc07b4', 'test', 'R', 'cc81a8d86f274c81bc680a0bbd27e358', 'C', 'aa23821c3f6e42f1ac77a7603a612204', '40', '2020-04-26 00:00:00', '0bebfbf96424497c8c99bb4693185c84', '1');
INSERT INTO `admin_sm_auth_reco` VALUES ('492b6e99c89143f3b79348ce2e9abb4d', 'test', 'R', 'cc81a8d86f274c81bc680a0bbd27e358', 'C', '7fd355081b564cfd9a472bdcf3ee0dda', '40', '2020-04-26 00:00:00', '63c2e6d0c5dc496490f4ea44dd3abf6e', '1');
INSERT INTO `admin_sm_auth_reco` VALUES ('4A9FEAED269442F88D6150A7EFD80345', 'test', 'U', '40', 'M', 'c4cb2d8b614e43528ac802daa9834a28', '40', '2021-05-07 11:24:40', '74d47cbb74d64263b5b2da4f18bfdd2d', '1');
INSERT INTO `admin_sm_auth_reco` VALUES ('4B47BEFD31A643E1902C3B44D69A3548', 'test', 'U', '40', 'C', '1923B5AB74204B73ABD5C2F1592F7AF5', '40', '2021-01-21 02:47:41', 'DF1A797285ED4A2F8C0BB14D561343AA', '1');
INSERT INTO `admin_sm_auth_reco` VALUES ('4B75AE8B29404CA895FC34D47B1A4A93', 'test', 'U', '40', 'C', 'A2AD3B8940B64BB5AC9FA26DDF1B60AB', '40', '2021-01-21 02:23:24', 'ed03c7a1318f40fa9dadcba37209d286', '1');
INSERT INTO `admin_sm_auth_reco` VALUES ('4b83afc27b574eb29ba379241558483b', 'test', 'R', 'cc81a8d86f274c81bc680a0bbd27e358', 'C', '7235ea87a9144bd7bce318bd38e66f0d', '40', '2020-04-26 00:00:00', '1211', '1');
INSERT INTO `admin_sm_auth_reco` VALUES ('4C4BBCD41D5A46B38E10C24FFD0E8123', 'test', 'R', 'cc81a8d86f274c81bc680a0bbd27e358', 'C', '6E4AB9BBBE18452ABA37F2268EFC3959', '40', '2021-03-03 17:29:10', 'f7e5e43f35fe40b49ada1a7f3dfbc4bf', '1');
INSERT INTO `admin_sm_auth_reco` VALUES ('4CC375CD4A144F36BF09EC32803E411F', 'test', 'U', '40', 'C', '27EF4775DECD48EBB2F31863433533AE', '40', '2021-01-21 01:30:56', '9C0AAA98C2FF4A3493AD02DB5249FE59', '1');
INSERT INTO `admin_sm_auth_reco` VALUES ('4db9b2594f5d487fadac807ea6647647', 'test', 'R', 'cc81a8d86f274c81bc680a0bbd27e358', 'C', '7e8c5f294a964a12a06134d7cc7bb88a', '40', '2020-04-26 00:00:00', '907c8c7ad35646b285d37bac9f74fb0b', '1');
INSERT INTO `admin_sm_auth_reco` VALUES ('4DE65DF450D04208A24DE1E65E7A0EF4', 'test', 'R', 'cc81a8d86f274c81bc680a0bbd27e358', 'C', '2752D965D6C141F9B99A12A82ACBBCF0', '40', '2021-03-03 17:29:10', 'f7e5e43f35fe40b49ada1a7f3dfbc4bf', '1');
INSERT INTO `admin_sm_auth_reco` VALUES ('4ef634f876c64ebe8d0072dd82f1f962', 'test', 'R', 'cc81a8d86f274c81bc680a0bbd27e358', 'M', '916357f8af694b1ebb6b93c2b25dadb3', '40', '2020-04-26 00:00:00', '916357f8af694b1ebb6b93c2b25dadb3', '1');
INSERT INTO `admin_sm_auth_reco` VALUES ('524D54E2DEFF42CFAB8456E7D14906A0', 'test', 'R', 'cc81a8d86f274c81bc680a0bbd27e358', 'M', '7CD3CF7356794318A9A914A7A8030B15', '40', '2021-01-21 00:08:10', 'C4E71C8904E64B2D97C061724CEB3F1F', '1');
INSERT INTO `admin_sm_auth_reco` VALUES ('529faf7e53a04c15acfc3efcc550c5f4', 'test', 'R', 'cc81a8d86f274c81bc680a0bbd27e358', 'C', 'cf45cfdde79d4bc8a1769ac0dec4e5fb', '40', '2020-04-26 00:00:00', 'a9dd3aa991cb423e94212dd18a42200c', '1');
INSERT INTO `admin_sm_auth_reco` VALUES ('52b0c9b617a04b45a439991e4d5057e6', 'test', 'R', 'cc81a8d86f274c81bc680a0bbd27e358', 'M', '1939da3cbbb64daeb008ae1b54c5117b', '40', '2020-04-26 00:00:00', '1939da3cbbb64daeb008ae1b54c5117b', '1');
INSERT INTO `admin_sm_auth_reco` VALUES ('53afdb270bc54e78afbe5e6897cf38fc', 'test', 'R', 'cc81a8d86f274c81bc680a0bbd27e358', 'C', 'e3931683d6dc4e1f81e94cd921655ee9', '40', '2020-04-26 00:00:00', '0bebfbf96424497c8c99bb4693185c84', '1');
INSERT INTO `admin_sm_auth_reco` VALUES ('53b2232abbed4c18ba2ac2ab854ece1c', 'test', 'R', 'cc81a8d86f274c81bc680a0bbd27e358', 'C', '41645bf02d3745618a43f126ac0b20c1', '40', '2020-04-26 00:00:00', 'e22e72e7cadd49a0bb42c6544f5dd12f', '1');
INSERT INTO `admin_sm_auth_reco` VALUES ('542a81e277a04fd4b18d08f125e2f083', 'test', 'R', 'cc81a8d86f274c81bc680a0bbd27e358', 'C', 'aa691267e001463bb2c8699edbdad759', '40', '2020-04-26 00:00:00', 'e22e72e7cadd49a0bb42c6544f5dd12f', '1');
INSERT INTO `admin_sm_auth_reco` VALUES ('56D778D9A91F4EA4A8F215C0EBC53E55', 'test', 'U', '40', 'M', '28B79650A4BD49E99A0EF88DF36B1420', '40', '2021-01-20 23:51:20', '28B79650A4BD49E99A0EF88DF36B1420', '1');
INSERT INTO `admin_sm_auth_reco` VALUES ('57aec1d80dc540fab1d0bee144252137', 'test', 'R', 'cc81a8d86f274c81bc680a0bbd27e358', 'C', '3868b7d52fe9487fad953916810dc97e', '40', '2020-04-26 00:00:00', 'a9dd3aa991cb423e94212dd18a42200c', '1');
INSERT INTO `admin_sm_auth_reco` VALUES ('585fe208131a4e8198924b7a464719b2', 'test', 'R', 'cc81a8d86f274c81bc680a0bbd27e358', 'C', '938a66e0e3fd440e8713b8b35409af0d', '40', '2020-04-26 00:00:00', '0bebfbf96424497c8c99bb4693185c84', '1');
INSERT INTO `admin_sm_auth_reco` VALUES ('58e0d01691e743b6a75bf0158f106e42', 'test', 'R', 'cc81a8d86f274c81bc680a0bbd27e358', 'C', 'c3c0902727ad40c5a023ad664c453e0d', '40', '2020-04-26 00:00:00', '907c8c7ad35646b285d37bac9f74fb0b', '1');
INSERT INTO `admin_sm_auth_reco` VALUES ('590B07B1E8244B3BB4A227E06394D33E', 'test', 'U', '40', 'M', 'B2D8D34DF0B14E93BCAC68AEEB24C4C6', '40', '2021-01-20 23:53:41', 'B2D8D34DF0B14E93BCAC68AEEB24C4C6', '1');
INSERT INTO `admin_sm_auth_reco` VALUES ('5b4bfd5e15754ed78f4c5f90483d5d9f', 'test', 'R', 'cc81a8d86f274c81bc680a0bbd27e358', 'M', '3936f63cdc994a038a4935e9bcbcdc3d', '40', '2020-04-26 00:00:00', '3936f63cdc994a038a4935e9bcbcdc3d', '1');
INSERT INTO `admin_sm_auth_reco` VALUES ('5ec29ebf97a54088b16bd8f45aaa1b47', 'test', 'R', 'cc81a8d86f274c81bc680a0bbd27e358', 'C', '49feee5d2b734e2ab8b4704d4a220d6c', '40', '2020-04-26 00:00:00', '4eccf88dbdce4151a2a31ea0f236021c', '1');
INSERT INTO `admin_sm_auth_reco` VALUES ('5fa94dcbd5d447d99ab1afb44b7c0095', 'test', 'R', 'cc81a8d86f274c81bc680a0bbd27e358', 'C', '9d47c375398c41a3a4e3cef576b45a88', '40', '2020-04-26 00:00:00', '4eccf88dbdce4151a2a31ea0f236021c', '1');
INSERT INTO `admin_sm_auth_reco` VALUES ('5fdaa77828ce48dea727cdff8624d29f', 'test', 'R', 'cc81a8d86f274c81bc680a0bbd27e358', 'C', '7ff44f04753e46cfac874c32ce6dfc26', '40', '2020-04-26 00:00:00', 'd9d4e444f1c4448dbed674d11e138a5a', '1');
INSERT INTO `admin_sm_auth_reco` VALUES ('62859D2217AD4BB7B084A07DD14F1651', 'test', 'U', '40', 'M', '3C11954C1A0B45E58F8E29F6333ABDCF', '40', '2021-01-21 00:01:30', '3C11954C1A0B45E58F8E29F6333ABDCF', '1');
INSERT INTO `admin_sm_auth_reco` VALUES ('63834DCF05CA46689CD1DCCF77E55E5E', 'test', 'U', '40', 'C', '7DB983E2829B4ACA80B56EB51C3CA616', '40', '2021-01-21 02:55:32', '28B79650A4BD49E99A0EF88DF36B1420', '1');
INSERT INTO `admin_sm_auth_reco` VALUES ('64113420260a42c29ff283f5b691e445', 'test', 'R', 'cc81a8d86f274c81bc680a0bbd27e358', 'M', '5ed68cd744914c83ba300d85eda1b3c8', '40', '2020-04-26 00:00:00', '5ed68cd744914c83ba300d85eda1b3c8', '1');
INSERT INTO `admin_sm_auth_reco` VALUES ('649a0a4b77ac4d859eb40fead5b038b8', 'test', 'R', 'cc81a8d86f274c81bc680a0bbd27e358', 'M', 'e4131ef72be3444bbcd0d3f881679dbf', '40', '2020-04-26 00:00:00', 'e4131ef72be3444bbcd0d3f881679dbf', '1');
INSERT INTO `admin_sm_auth_reco` VALUES ('66900af8c066405fb16b88ac05817955', 'test', 'R', 'cc81a8d86f274c81bc680a0bbd27e358', 'M', 'gm-10000', '40', '2020-04-26 00:00:00', 'gm-10000', '1');
INSERT INTO `admin_sm_auth_reco` VALUES ('678FAEA6E5174565BA1F98EAAF82C8FE', 'test', 'R', 'cc81a8d86f274c81bc680a0bbd27e358', 'M', '45929301250A47E2999734F0E0EBFFCA', '40', '2021-01-21 00:08:10', '74d47cbb74d64263b5b2da4f18bfdd2d', '1');
INSERT INTO `admin_sm_auth_reco` VALUES ('68AF76C92F084AE19A4DF43DDF71084C', 'test', 'U', '40', 'C', '301FAB58F11A4C0289E6C39BFB73E965', '40', '2021-01-21 02:51:22', 'B2D8D34DF0B14E93BCAC68AEEB24C4C6', '1');
INSERT INTO `admin_sm_auth_reco` VALUES ('698c1db10cb04993b62b5b01556936b7', 'test', 'R', 'cc81a8d86f274c81bc680a0bbd27e358', 'C', '3fa4ad892f104ff6bbee12481fffff59', '40', '2020-04-26 00:00:00', 'ed03c7a1318f40fa9dadcba37209d286', '1');
INSERT INTO `admin_sm_auth_reco` VALUES ('6a77caccb6ad418096329022b7a5780b', 'test', 'R', 'cc81a8d86f274c81bc680a0bbd27e358', 'C', 'f18527cbb8944ea0a28bb4175364abb2', '40', '2020-04-26 00:00:00', '8367fb9ae69c4e9aaf6c31316c01a38f', '1');
INSERT INTO `admin_sm_auth_reco` VALUES ('6BEB9D99825A48D58BC2BC5EB55E5F96', 'test', 'U', '40', 'C', '1773A101108D4374B62922BB756DF973', '40', '2021-01-21 01:30:15', '9C0AAA98C2FF4A3493AD02DB5249FE59', '1');
INSERT INTO `admin_sm_auth_reco` VALUES ('6D5567960DE3406F87C6C6AE179AD64D', 'test', 'U', '40', 'C', '35CD852A0AB5478F8135C3A19F8140F9', '40', '2021-01-21 02:42:57', 'B2D8D34DF0B14E93BCAC68AEEB24C4C6', '1');
INSERT INTO `admin_sm_auth_reco` VALUES ('6d9224f47d07405890dd088ad9777e3d', 'test', 'R', 'cc81a8d86f274c81bc680a0bbd27e358', 'C', '78db9388ea00473eb8efba468213941d', '40', '2020-04-26 00:00:00', '4eccf88dbdce4151a2a31ea0f236021c', '1');
INSERT INTO `admin_sm_auth_reco` VALUES ('6DF237879B694113B9820EC922B3BAC8', 'test', 'U', '40', 'C', 'A68FC89841394321AA813F03C4BD24EA', '40', '2021-01-21 01:58:35', '3C11954C1A0B45E58F8E29F6333ABDCF', '1');
INSERT INTO `admin_sm_auth_reco` VALUES ('6E757BCDA2374193B8F0469EB98B2DD8', 'test', 'U', '40', 'C', '4E36A807F8324E92ACFBD0AD656A78AC', '40', '2021-01-21 01:52:56', 'B4411741F5D14CE3ACECE21C50F1C6F6', '1');
INSERT INTO `admin_sm_auth_reco` VALUES ('6EE5D9E9EE03431BAEBD6058000C8214', 'test', 'U', '40', 'C', '47BB5C68CED5406EA217BB54603B4488', '40', '2021-01-21 02:48:53', 'DF1A797285ED4A2F8C0BB14D561343AA', '1');
INSERT INTO `admin_sm_auth_reco` VALUES ('719A75F00CBD437B80162FEDE1C29961', 'test', 'U', '40', 'C', '9F530958A50E4BCEB8225E54AC2F4A15', '40', '2021-01-21 02:27:25', 'ed03c7a1318f40fa9dadcba37209d286', '1');
INSERT INTO `admin_sm_auth_reco` VALUES ('71E2FB31DC0042BEB62FF647207A9F9E', 'test', 'U', '40', 'C', 'D979FE057BE54EFB969CFF3426417A18', '40', '2021-01-21 02:44:40', 'B2D8D34DF0B14E93BCAC68AEEB24C4C6', '1');
INSERT INTO `admin_sm_auth_reco` VALUES ('72fcb39b982c4c16b76312ea1f660174', 'test', 'R', 'cc81a8d86f274c81bc680a0bbd27e358', 'M', 'e94ddc333f1248799ca5e31ec51d552a', '40', '2020-04-26 00:00:00', 'e94ddc333f1248799ca5e31ec51d552a', '1');
INSERT INTO `admin_sm_auth_reco` VALUES ('730D0BD6C4D84B61996BFFECF5FF27FF', 'test', 'U', '40', 'C', 'B4B3B01DEC324BCA9175BEDDC6CE0F5F', '40', '2021-01-21 01:54:44', 'B4411741F5D14CE3ACECE21C50F1C6F6', '1');
INSERT INTO `admin_sm_auth_reco` VALUES ('748ad45fa5c745bea1868a3c9a995327', 'test', 'R', 'cc81a8d86f274c81bc680a0bbd27e358', 'M', '5cb209f943974c038e5d93292a271e11', '40', '2020-04-26 00:00:00', '5cb209f943974c038e5d93292a271e11', '1');
INSERT INTO `admin_sm_auth_reco` VALUES ('748edf6b084a44a788e22ae8c54849a0', 'test', 'U', '40', 'M', '74d47cbb74d64263b5b2da4f18bfdd2d', '40', '2021-01-21 00:00:00', '74d47cbb74d64263b5b2da4f18bfdd2d', '1');
INSERT INTO `admin_sm_auth_reco` VALUES ('761adcb2c7e4492ea31586b2515b4462', 'test', 'R', 'cc81a8d86f274c81bc680a0bbd27e358', 'C', '0f0b2e4bbb6c4264bc5a4faf72c12cfa', '40', '2020-04-26 00:00:00', '8878aee19d8a4943ab8fcdd06028144b', '1');
INSERT INTO `admin_sm_auth_reco` VALUES ('7787e8754fa3465cb497b305fd7856e3', 'test', 'R', 'cc81a8d86f274c81bc680a0bbd27e358', 'M', '1b3d5b4f121740f3bcdf7b66acd63add', '40', '2020-04-26 00:00:00', '1b3d5b4f121740f3bcdf7b66acd63add', '1');
INSERT INTO `admin_sm_auth_reco` VALUES ('7a2aef741a434550a6272e6cb45d3254', 'test', 'R', 'cc81a8d86f274c81bc680a0bbd27e358', 'C', 'b7a6b4072fb34f21a98552a0ba73b7b0', '40', '2020-04-26 00:00:00', '8878aee19d8a4943ab8fcdd06028144b', '1');
INSERT INTO `admin_sm_auth_reco` VALUES ('7b3ec2812a844860aeabc89d06da6c14', 'test', 'R', 'cc81a8d86f274c81bc680a0bbd27e358', 'M', '772053935ede469ba7ec036e516cc6e2', '40', '2020-04-26 00:00:00', '772053935ede469ba7ec036e516cc6e2', '1');
INSERT INTO `admin_sm_auth_reco` VALUES ('7c639c3689f14ce0b1f4767c24ada78c', 'test', 'R', 'cc81a8d86f274c81bc680a0bbd27e358', 'M', 'aeb5196abaa64f25b7a2c47c6e4a9e69', '40', '2020-04-26 00:00:00', 'aeb5196abaa64f25b7a2c47c6e4a9e69', '1');
INSERT INTO `admin_sm_auth_reco` VALUES ('7D08348232184E2EB5C57940C96723CA', 'test', 'U', '40', 'M', 'DF1A797285ED4A2F8C0BB14D561343AA', '40', '2021-01-20 23:56:28', 'DF1A797285ED4A2F8C0BB14D561343AA', '1');
INSERT INTO `admin_sm_auth_reco` VALUES ('7debea8f21c24675966b48c5c13c06c3', 'test', 'R', 'cc81a8d86f274c81bc680a0bbd27e358', 'C', '63f3ec7af420454caadded14d3ff6100', '40', '2020-04-26 00:00:00', '4173d1d5031842c4b844d1728105f1c8', '1');
INSERT INTO `admin_sm_auth_reco` VALUES ('7ed5f63fb12249bc933d05155c457dd4', 'test', 'R', 'cc81a8d86f274c81bc680a0bbd27e358', 'M', '97b6f77e94c7453fa422ec8bc0827590', '40', '2020-04-26 00:00:00', '97b6f77e94c7453fa422ec8bc0827590', '1');
INSERT INTO `admin_sm_auth_reco` VALUES ('82d52ea79e7c4f18939ea8bb5b5f5588', 'test', 'R', 'cc81a8d86f274c81bc680a0bbd27e358', 'M', '63c2e6d0c5dc496490f4ea44dd3abf6e', '40', '2020-04-26 00:00:00', '63c2e6d0c5dc496490f4ea44dd3abf6e', '1');
INSERT INTO `admin_sm_auth_reco` VALUES ('834908674E394AE4AD61C1D4B5FE0CC6', 'test', 'U', '40', 'M', '39B2968841334098AC9AABB7F782BC82', '40', '2021-01-21 00:04:50', '39B2968841334098AC9AABB7F782BC82', '1');
INSERT INTO `admin_sm_auth_reco` VALUES ('84F2307D4DE04FEDB15A3850EA040FA4', 'test', 'R', 'cc81a8d86f274c81bc680a0bbd27e358', 'M', '2F1CE2C7129E40B9BEA1D231E6F607B5', '40', '2021-01-21 00:08:10', 'dafdca98d69041a5aa190a6e489be358', '1');
INSERT INTO `admin_sm_auth_reco` VALUES ('853d2dd732e746d483e58d7a3dfb9ea0', 'test', 'R', 'cc81a8d86f274c81bc680a0bbd27e358', 'C', '7baa6759f828434bb28c5e5dae73d145', '40', '2020-04-26 00:00:00', '8878aee19d8a4943ab8fcdd06028144b', '1');
INSERT INTO `admin_sm_auth_reco` VALUES ('857ED7D97EB24E26B207C1AA1FFED96A', 'test', 'U', '40', 'C', 'FE037D065D174CC79932B297D962965B', '40', '2021-01-21 01:59:56', '2F1CE2C7129E40B9BEA1D231E6F607B5', '1');
INSERT INTO `admin_sm_auth_reco` VALUES ('85FE425790C0481B9F76032F9E8EFD66', 'test', 'U', '40', 'C', '45084C7BA2AF4ECEAC5DF832CC32014A', '40', '2021-01-21 01:53:53', 'B4411741F5D14CE3ACECE21C50F1C6F6', '1');
INSERT INTO `admin_sm_auth_reco` VALUES ('86cd9717a2d246b7885eb8e13009d8ab', 'test', 'R', 'cc81a8d86f274c81bc680a0bbd27e358', 'M', 'a9dd3aa991cb423e94212dd18a42200c', '40', '2020-04-26 00:00:00', 'a9dd3aa991cb423e94212dd18a42200c', '1');
INSERT INTO `admin_sm_auth_reco` VALUES ('86D14DF00D0442DEAFA327FA3B79610A', 'test', 'U', '40', 'C', '04C941C1B20D444DA49E0A67FBC269A0', '40', '2021-01-21 02:26:33', 'ed03c7a1318f40fa9dadcba37209d286', '1');
INSERT INTO `admin_sm_auth_reco` VALUES ('8728DFE8914F4BC1A186C843708046F7', 'test', 'R', 'cc81a8d86f274c81bc680a0bbd27e358', 'M', 'c4cb2d8b614e43528ac802daa9834a28', '40', '2021-05-07 11:25:20', '74d47cbb74d64263b5b2da4f18bfdd2d', '1');
INSERT INTO `admin_sm_auth_reco` VALUES ('873D532AB9094D01AF8BF10E2AB93300', 'test', 'U', '40', 'M', '45929301250A47E2999734F0E0EBFFCA', '40', '2021-01-20 23:55:18', '45929301250A47E2999734F0E0EBFFCA', '1');
INSERT INTO `admin_sm_auth_reco` VALUES ('889FBCBA3EAF4814B1B3F5B8ABEFB051', 'test', 'U', '40', 'C', 'C31B1B4437F84EDDB175B79C72B30FCE', '40', '2021-01-21 02:46:46', 'DF1A797285ED4A2F8C0BB14D561343AA', '1');
INSERT INTO `admin_sm_auth_reco` VALUES ('8bdcd345f49a48c48ef411eef991dce9', 'test', 'R', 'cc81a8d86f274c81bc680a0bbd27e358', 'C', '39edaea7b2c24824981d57e479451afe', '40', '2020-04-26 00:00:00', 'a9dd3aa991cb423e94212dd18a42200c', '1');
INSERT INTO `admin_sm_auth_reco` VALUES ('8C8FE24B64F049F58D1539FFA68062BB', 'test', 'R', 'cc81a8d86f274c81bc680a0bbd27e358', 'M', '39B2968841334098AC9AABB7F782BC82', '40', '2021-01-21 00:08:10', '0', '1');
INSERT INTO `admin_sm_auth_reco` VALUES ('8d6d8890f05f48849aae669bb9b0fcbe', 'test', 'R', 'cc81a8d86f274c81bc680a0bbd27e358', 'M', 'd9d4e444f1c4448dbed674d11e138a5a', '40', '2020-04-26 00:00:00', 'd9d4e444f1c4448dbed674d11e138a5a', '1');
INSERT INTO `admin_sm_auth_reco` VALUES ('8DC0DD1E7F054E279A9D735FC78ACC15', 'test', 'R', 'cc81a8d86f274c81bc680a0bbd27e358', 'M', 'B4411741F5D14CE3ACECE21C50F1C6F6', '40', '2021-01-21 00:08:10', 'dafdca98d69041a5aa190a6e489be358', '1');
INSERT INTO `admin_sm_auth_reco` VALUES ('8f9dcc5469a64e5b943f88ca3c586d9f', 'test', 'R', 'cc81a8d86f274c81bc680a0bbd27e358', 'C', '8f60418721974203a4b386f97c122355', '40', '2020-04-26 00:00:00', '8367fb9ae69c4e9aaf6c31316c01a38f', '1');
INSERT INTO `admin_sm_auth_reco` VALUES ('924EED9A5FEC437BA7A1F3624B40B131', 'test', 'U', '40', 'M', '7CD3CF7356794318A9A914A7A8030B15', '40', '2021-01-21 00:04:01', '7CD3CF7356794318A9A914A7A8030B15', '1');
INSERT INTO `admin_sm_auth_reco` VALUES ('92EC4169A2534EABBDE32C174690B89F', 'test', 'U', '40', 'C', '00C2EA4666414341953BF52361EF001D', '40', '2021-01-21 02:43:25', 'B2D8D34DF0B14E93BCAC68AEEB24C4C6', '1');
INSERT INTO `admin_sm_auth_reco` VALUES ('92f80d0257484f48b794c333e46dece0', 'test', 'R', 'cc81a8d86f274c81bc680a0bbd27e358', 'M', '68efd6082a984e878a20bb97fc92b41b', '40', '2020-04-26 00:00:00', '68efd6082a984e878a20bb97fc92b41b', '1');
INSERT INTO `admin_sm_auth_reco` VALUES ('9530D6300390400B941921D0618330E9', 'test', 'U', '40', 'C', 'DDB3CFB48E4C4364A69AF70DCD4791C0', '40', '2021-01-21 02:35:57', '28B79650A4BD49E99A0EF88DF36B1420', '1');
INSERT INTO `admin_sm_auth_reco` VALUES ('98914ac834784c9d980c4e85e0a15841', 'test', 'R', 'cc81a8d86f274c81bc680a0bbd27e358', 'C', '5a7d28a5c7fb42a683901326d1d29360', '40', '2020-04-26 00:00:00', '1211', '1');
INSERT INTO `admin_sm_auth_reco` VALUES ('9a7c6ecca26448c1aae39702d4636e05', 'test', 'R', 'cc81a8d86f274c81bc680a0bbd27e358', 'C', '7eae393b1279441aa06af36bb69de3ee', '40', '2020-04-26 00:00:00', 'd9d4e444f1c4448dbed674d11e138a5a', '1');
INSERT INTO `admin_sm_auth_reco` VALUES ('9AB217F4AD364424B549F46388FA01D6', 'test', 'U', '40', 'M', '9faba9ea5bb84c9ab12d6c7408ec1a54', '40', '2021-05-07 11:24:40', 'dafdca98d69041a5aa190a6e489be358', '1');
INSERT INTO `admin_sm_auth_reco` VALUES ('9B53A69EC998425F9172D0280956BE66', 'test', 'U', '40', 'M', 'E95D3198608447ACB62AC15EAAC62F6D', '40', '2021-01-21 00:12:07', 'E95D3198608447ACB62AC15EAAC62F6D', '1');
INSERT INTO `admin_sm_auth_reco` VALUES ('9bf0dbd1f097499096b5e496e0381ecd', 'test', 'U', '40', 'M', '4f41b539a727424b88f77415600728ae', '40', '2021-01-21 00:00:00', '4f41b539a727424b88f77415600728ae', '1');
INSERT INTO `admin_sm_auth_reco` VALUES ('9d72b4d5d2af4834aa09e847f334eb83', 'test', 'R', 'cc81a8d86f274c81bc680a0bbd27e358', 'M', '907c8c7ad35646b285d37bac9f74fb0b', '40', '2020-04-26 00:00:00', '907c8c7ad35646b285d37bac9f74fb0b', '1');
INSERT INTO `admin_sm_auth_reco` VALUES ('9ef014524ed44adb9fab44816e8c64be', 'test', 'R', 'cc81a8d86f274c81bc680a0bbd27e358', 'C', 'e5699c8722a44f808623aa762895b83a', '40', '2020-04-26 00:00:00', '4eccf88dbdce4151a2a31ea0f236021c', '1');
INSERT INTO `admin_sm_auth_reco` VALUES ('9f045c77a4d04a1e97c93afbea906f55', 'test', 'R', 'cc81a8d86f274c81bc680a0bbd27e358', 'C', '87b5da3f2b044e9c85a83203b57eb96c', '40', '2020-04-26 00:00:00', '0bebfbf96424497c8c99bb4693185c84', '1');
INSERT INTO `admin_sm_auth_reco` VALUES ('9fccf69e73634629a97a984785a90575', 'test', 'R', 'cc81a8d86f274c81bc680a0bbd27e358', 'C', 'be7e41c20eb44ba19b9387825c5b5752', '40', '2020-04-26 00:00:00', 'a9dd3aa991cb423e94212dd18a42200c', '1');
INSERT INTO `admin_sm_auth_reco` VALUES ('A1324E58FC854708999FB60133BFB581', 'test', 'R', 'cc81a8d86f274c81bc680a0bbd27e358', 'M', '4b6a5712e0e244179b289908dcad50b5', '40', '2021-09-17 17:26:25', '4b6a5712e0e244179b289908dcad50b5', '1');
INSERT INTO `admin_sm_auth_reco` VALUES ('A58DDB8FBF354A87845D78F2D9D5F9FE', 'test', 'R', 'cc81a8d86f274c81bc680a0bbd27e358', 'C', 'A05320615A7F4FC5BE7D157299BEC8D7', '40', '2021-03-03 17:29:10', 'f7e5e43f35fe40b49ada1a7f3dfbc4bf', '1');
INSERT INTO `admin_sm_auth_reco` VALUES ('A5EEDC899035438C902B1DD099691C97', 'test', 'R', 'cc81a8d86f274c81bc680a0bbd27e358', 'M', '5F10CCBDE81F4FCD948E5363637534F8', '40', '2021-01-21 00:08:10', '74d47cbb74d64263b5b2da4f18bfdd2d', '1');
INSERT INTO `admin_sm_auth_reco` VALUES ('a63b39f42ddc429cbe2f0e5f98b450f2', 'test', 'R', 'cc81a8d86f274c81bc680a0bbd27e358', 'C', '6b3ddd4d8e1a4ca2841a9bfb9222ef7c', '40', '2020-04-26 00:00:00', '907c8c7ad35646b285d37bac9f74fb0b', '1');
INSERT INTO `admin_sm_auth_reco` VALUES ('a7a0e0a7a24b4bd9b7b4e1fab97b8f75', 'test', 'R', 'cc81a8d86f274c81bc680a0bbd27e358', 'C', '3571e82ec7364658ac5b1b2bfd74b322', '40', '2020-04-26 00:00:00', '0bebfbf96424497c8c99bb4693185c84', '1');
INSERT INTO `admin_sm_auth_reco` VALUES ('A7B821A82D674EA7BFCCF4537600AB6A', 'test', 'U', '40', 'C', '320AD01F26CD454A94767F033600EDDF', '40', '2021-01-21 02:40:55', 'B2D8D34DF0B14E93BCAC68AEEB24C4C6', '1');
INSERT INTO `admin_sm_auth_reco` VALUES ('A89873D7F1E043DB9313A1ABC4327BA3', 'test', 'R', 'cc81a8d86f274c81bc680a0bbd27e358', 'M', 'C4E71C8904E64B2D97C061724CEB3F1F', '40', '2021-01-21 00:08:10', '39c0cf27c05a4eff8aba3be93ccb4bf6', '1');
INSERT INTO `admin_sm_auth_reco` VALUES ('ac39b8e7f18e4703b1ec19c89ae2f191', 'test', 'R', 'cc81a8d86f274c81bc680a0bbd27e358', 'C', '317a3f9500a0405583ce752a00f2a495', '40', '2020-04-26 00:00:00', 'a9dd3aa991cb423e94212dd18a42200c', '1');
INSERT INTO `admin_sm_auth_reco` VALUES ('ACD2B599D0CA4B4C8D952A77E2614061', 'test', 'U', '40', 'C', '42B85043FD604D70ADE87B4236605E79', '40', '2021-01-21 01:47:29', 'ed03c7a1318f40fa9dadcba37209d286', '1');
INSERT INTO `admin_sm_auth_reco` VALUES ('acdaf5dec88249a9ad6cd27066bad06f', 'test', 'R', 'cc81a8d86f274c81bc680a0bbd27e358', 'C', '319b2a5dbab143399009ecafd24d9d94', '40', '2020-04-26 00:00:00', '1211', '1');
INSERT INTO `admin_sm_auth_reco` VALUES ('ae79529099594bbba70224023525360f', 'test', 'R', 'cc81a8d86f274c81bc680a0bbd27e358', 'C', '28bfd469c0834dd6875720ab77b8402b', '40', '2020-04-26 00:00:00', '907c8c7ad35646b285d37bac9f74fb0b', '1');
INSERT INTO `admin_sm_auth_reco` VALUES ('AF7D0827AC1A4FC18D8FF2193B9D3F16', 'test', 'U', '40', 'C', '7ECDBD72BDB24309AE51B25EB58EA8C1', '40', '2021-01-21 02:42:30', 'B2D8D34DF0B14E93BCAC68AEEB24C4C6', '1');
INSERT INTO `admin_sm_auth_reco` VALUES ('af9f154c9c564e0488df67a7b2c7c989', 'test', 'R', 'cc81a8d86f274c81bc680a0bbd27e358', 'M', '129ec68727224868a9e439cb9a24b63a', '40', '2020-04-26 00:00:00', '129ec68727224868a9e439cb9a24b63a', '1');
INSERT INTO `admin_sm_auth_reco` VALUES ('b0fa463ff9814fa7bc499e0504cca698', 'test', 'R', 'cc81a8d86f274c81bc680a0bbd27e358', 'C', 'c46569693f4e4afd8c66214c87a602f7', '40', '2020-04-26 00:00:00', 'ed03c7a1318f40fa9dadcba37209d286', '1');
INSERT INTO `admin_sm_auth_reco` VALUES ('b232c26bee824a25ac01863c499e31a4', 'test', 'R', 'cc81a8d86f274c81bc680a0bbd27e358', 'C', '2d4cb0a177b4450e9a45433c963b696a', '40', '2020-04-26 00:00:00', 'e22e72e7cadd49a0bb42c6544f5dd12f', '1');
INSERT INTO `admin_sm_auth_reco` VALUES ('b2f8a1645723440896a91e30408c571d', 'test', 'R', 'cc81a8d86f274c81bc680a0bbd27e358', 'C', 'eb9ccc6364fb4038b909d0d67390890c', '40', '2020-04-26 00:00:00', 'a9dd3aa991cb423e94212dd18a42200c', '1');
INSERT INTO `admin_sm_auth_reco` VALUES ('b3bcb9a0ae294e14889b272b2537c970', 'test', 'R', 'cc81a8d86f274c81bc680a0bbd27e358', 'M', '149e56b12604410db8f6a34928a1ba4f', '40', '2020-04-26 00:00:00', '149e56b12604410db8f6a34928a1ba4f', '1');
INSERT INTO `admin_sm_auth_reco` VALUES ('B3EC73BA99704883A224577B6D46E442', 'test', 'U', '40', 'C', '11FAF4E2E0F64D638D494D0CA5B751F3', '40', '2021-01-21 02:28:01', 'ed03c7a1318f40fa9dadcba37209d286', '1');
INSERT INTO `admin_sm_auth_reco` VALUES ('b541ed255f9b4ad1bc682936cf1ace0e', 'test', 'U', '40', 'M', 'ed03c7a1318f40fa9dadcba37209d286', '40', '2021-01-21 00:00:00', 'ed03c7a1318f40fa9dadcba37209d286', '1');
INSERT INTO `admin_sm_auth_reco` VALUES ('b62113db32d947eea7e30859f1e068bf', 'test', 'R', 'cc81a8d86f274c81bc680a0bbd27e358', 'M', '440523ac1e9740feb4b782b6d8e00a91', '40', '2020-04-26 00:00:00', '440523ac1e9740feb4b782b6d8e00a91', '1');
INSERT INTO `admin_sm_auth_reco` VALUES ('b7226e8ad5f84432a4a74d5e21ba6bf5', 'test', 'R', 'cc81a8d86f274c81bc680a0bbd27e358', 'M', 'dafdca98d69041a5aa190a6e489be358', '40', '2021-01-21 00:00:00', 'dafdca98d69041a5aa190a6e489be358', '1');
INSERT INTO `admin_sm_auth_reco` VALUES ('B80D67D35039471A9D933EE2B06215CD', 'test', 'R', 'cc81a8d86f274c81bc680a0bbd27e358', 'M', '28B79650A4BD49E99A0EF88DF36B1420', '40', '2021-01-21 00:08:10', '74d47cbb74d64263b5b2da4f18bfdd2d', '1');
INSERT INTO `admin_sm_auth_reco` VALUES ('b8c5e32a77d34b77993fc3c95668f616', 'test', 'R', 'cc81a8d86f274c81bc680a0bbd27e358', 'M', '288a43e9d2c6432986b15e9faf274960', '40', '2020-04-26 00:00:00', '288a43e9d2c6432986b15e9faf274960', '1');
INSERT INTO `admin_sm_auth_reco` VALUES ('ba6d127a4bf64b78b26781c723e85b0c', 'test', 'R', 'cc81a8d86f274c81bc680a0bbd27e358', 'C', 'd4175b661b364333af85803c91429cdb', '40', '2020-04-26 00:00:00', '4eccf88dbdce4151a2a31ea0f236021c', '1');
INSERT INTO `admin_sm_auth_reco` VALUES ('bafc638cf62d4056a6f1283ab8948185', 'test', 'R', 'cc81a8d86f274c81bc680a0bbd27e358', 'C', 'bb165140736c45a7a58b1d34ad10b7d7', '40', '2020-04-26 00:00:00', '907c8c7ad35646b285d37bac9f74fb0b', '1');
INSERT INTO `admin_sm_auth_reco` VALUES ('BB8B2DCA0A4B4250959BF68EC177749C', 'test', 'U', '40', 'M', '5F10CCBDE81F4FCD948E5363637534F8', '40', '2021-01-20 23:46:51', '5F10CCBDE81F4FCD948E5363637534F8', '1');
INSERT INTO `admin_sm_auth_reco` VALUES ('bf824b61aa7c47eaadceb84a81564c88', 'test', 'R', 'cc81a8d86f274c81bc680a0bbd27e358', 'C', 'f0a57450a4e54da4b97085be4f5a617d', '40', '2020-04-26 00:00:00', 'ed03c7a1318f40fa9dadcba37209d286', '1');
INSERT INTO `admin_sm_auth_reco` VALUES ('c38de36eef2a4e65ab8413c2e9c3c526', 'test', 'R', 'cc81a8d86f274c81bc680a0bbd27e358', 'C', 'da9267cd702346298972c666ed98ca7d', '40', '2020-04-26 00:00:00', '0bebfbf96424497c8c99bb4693185c84', '1');
INSERT INTO `admin_sm_auth_reco` VALUES ('C3A0E5526F2E4947A85C63338451B383', 'test', 'R', 'cc81a8d86f274c81bc680a0bbd27e358', 'M', '1B1B389E2F1F4F128F04D7EF4719A62A', '40', '2021-01-21 00:08:10', '39B2968841334098AC9AABB7F782BC82', '1');
INSERT INTO `admin_sm_auth_reco` VALUES ('C45852E25D16443A87A2D7D475A32DDE', 'test', 'U', '40', 'C', '83FCB84688E8446C95835D55AC401358', '40', '2021-01-21 02:30:22', '5F10CCBDE81F4FCD948E5363637534F8', '1');
INSERT INTO `admin_sm_auth_reco` VALUES ('C6CA6D4B92894B2580DC8F671A5A867E', 'test', 'U', '40', 'C', '265A089B49234AB89A70B3B0BE0BB1E7', '40', '2021-01-21 02:41:24', 'B2D8D34DF0B14E93BCAC68AEEB24C4C6', '1');
INSERT INTO `admin_sm_auth_reco` VALUES ('c8fb1d5021524b83b3ed714d715c33a9', 'test', 'R', 'cc81a8d86f274c81bc680a0bbd27e358', 'C', 'ce46bf878e224463afdac7c43928575c', '40', '2020-04-26 00:00:00', '8367fb9ae69c4e9aaf6c31316c01a38f', '1');
INSERT INTO `admin_sm_auth_reco` VALUES ('CA70EA8509AD4D20B4AFCD5BC6C452D0', 'test', 'U', '40', 'C', '58BFB673B3A741E287BF6595A009E351', '40', '2021-01-21 02:45:46', 'DF1A797285ED4A2F8C0BB14D561343AA', '1');
INSERT INTO `admin_sm_auth_reco` VALUES ('CAE70BFF8F4042008590B3066CF4D06D', 'test', 'U', '40', 'M', '18A066E3C2154A7B97BCE9EE9D09E301', '40', '2021-01-20 23:59:06', '18A066E3C2154A7B97BCE9EE9D09E301', '1');
INSERT INTO `admin_sm_auth_reco` VALUES ('CBB535E827BA40B9842EB44C9D81F640', 'test', 'R', 'cc81a8d86f274c81bc680a0bbd27e358', 'C', '00C6C44BA36F4C8D886B14F16462CD0D', '40', '2021-03-03 17:29:10', 'f7e5e43f35fe40b49ada1a7f3dfbc4bf', '1');
INSERT INTO `admin_sm_auth_reco` VALUES ('cd9c00e4203f47d4a663a5c225fdcf44', 'test', 'R', 'cc81a8d86f274c81bc680a0bbd27e358', 'M', '11cbe28116f5495095750c18979405ae', '40', '2020-04-26 00:00:00', '11cbe28116f5495095750c18979405ae', '1');
INSERT INTO `admin_sm_auth_reco` VALUES ('cd9c2c23df1d4d2cb5ce64ee23caf863', 'test', 'R', 'cc81a8d86f274c81bc680a0bbd27e358', 'M', '8878aee19d8a4943ab8fcdd06028144b', '40', '2020-04-26 00:00:00', '8878aee19d8a4943ab8fcdd06028144b', '1');
INSERT INTO `admin_sm_auth_reco` VALUES ('CF7E84FC30FB451393812E9C28B88D61', 'test', 'U', '40', 'C', '3A6D37B6E2E74F70A07E08F87831CB32', '40', '2021-01-21 02:40:07', '28B79650A4BD49E99A0EF88DF36B1420', '1');
INSERT INTO `admin_sm_auth_reco` VALUES ('CF9FC93D4FBE463FA8F36471663F37BB', 'test', 'R', 'cc81a8d86f274c81bc680a0bbd27e358', 'M', '99d2457ae47d4e149c4e1a5b594d5716', '40', '2021-03-03 17:29:10', '0', '1');
INSERT INTO `admin_sm_auth_reco` VALUES ('cfaebef5be5645d0b596d9ac28ffd31f', 'test', 'R', 'cc81a8d86f274c81bc680a0bbd27e358', 'M', 'd9f19e59fcc14084b182e6ed2b9ec0a6', '40', '2020-04-26 00:00:00', 'd9f19e59fcc14084b182e6ed2b9ec0a6', '1');
INSERT INTO `admin_sm_auth_reco` VALUES ('D3E9E04913DE4C2C9DF7ECCC53BEB8E2', 'test', 'U', '40', 'C', '111943B3462A40CDB701707CE3CF20D2', '40', '2021-01-21 02:34:23', '5F10CCBDE81F4FCD948E5363637534F8', '1');
INSERT INTO `admin_sm_auth_reco` VALUES ('d54e16ad320c47859da4a7e46db196c8', 'test', 'R', 'cc81a8d86f274c81bc680a0bbd27e358', 'C', '49969970a3ef4ff58bf544e1b6a07b86', '40', '2020-04-26 00:00:00', '8878aee19d8a4943ab8fcdd06028144b', '1');
INSERT INTO `admin_sm_auth_reco` VALUES ('d57814ec31904f3fb004f239a1cc64a5', 'test', 'R', 'cc81a8d86f274c81bc680a0bbd27e358', 'M', '4be52cb3923f4b60aaf41add36736d87', '40', '2020-04-26 00:00:00', '4be52cb3923f4b60aaf41add36736d87', '1');
INSERT INTO `admin_sm_auth_reco` VALUES ('d61fa477fc214eaf857a48954c3683e9', 'test', 'R', 'cc81a8d86f274c81bc680a0bbd27e358', 'C', '1abb327863bc4f8b9f0a7a33204aa6a6', '40', '2020-04-26 00:00:00', '1211', '1');
INSERT INTO `admin_sm_auth_reco` VALUES ('D69BD324801B420590F8573822FAC949', 'test', 'U', '40', 'M', 'C4E71C8904E64B2D97C061724CEB3F1F', '40', '2021-01-21 00:02:29', 'C4E71C8904E64B2D97C061724CEB3F1F', '1');
INSERT INTO `admin_sm_auth_reco` VALUES ('dadbab1421344de88dc11d0fc203d8b6', 'test', 'R', 'cc81a8d86f274c81bc680a0bbd27e358', 'M', '574908bc8df946e598a33c97fb4c313d', '40', '2020-04-26 00:00:00', '574908bc8df946e598a33c97fb4c313d', '1');
INSERT INTO `admin_sm_auth_reco` VALUES ('db2e3569957341f1acac3f74caf4acc1', 'test', 'R', 'cc81a8d86f274c81bc680a0bbd27e358', 'C', '9c407aaacc354e7a800959bd233fb44a', '40', '2020-04-26 00:00:00', 'a9dd3aa991cb423e94212dd18a42200c', '1');
INSERT INTO `admin_sm_auth_reco` VALUES ('db72fd5261d54ba49ba6e2651796a756', 'test', 'R', 'cc81a8d86f274c81bc680a0bbd27e358', 'M', '4173d1d5031842c4b844d1728105f1c8', '40', '2020-04-26 00:00:00', '4173d1d5031842c4b844d1728105f1c8', '1');
INSERT INTO `admin_sm_auth_reco` VALUES ('DBF945367F644349BD6EB2AD4A11E2A5', 'test', 'U', '40', 'C', 'CD0D020A3EF448A8B94069764D72A89D', '40', '2021-01-21 02:32:54', '5F10CCBDE81F4FCD948E5363637534F8', '1');
INSERT INTO `admin_sm_auth_reco` VALUES ('ddadd80ad1e74e8f9c7a8fa5d0b3da31', 'test', 'R', 'cc81a8d86f274c81bc680a0bbd27e358', 'C', 'c5b56f246204421c8f638fb71fe8cc05', '40', '2020-04-26 00:00:00', 'e22e72e7cadd49a0bb42c6544f5dd12f', '1');
INSERT INTO `admin_sm_auth_reco` VALUES ('df282ca8fede472c87a56789ee0f385a', 'test', 'R', 'cc81a8d86f274c81bc680a0bbd27e358', 'M', 'eba8aeca0959461092f5e3b1d32ffc6c', '40', '2020-04-26 00:00:00', 'eba8aeca0959461092f5e3b1d32ffc6c', '1');
INSERT INTO `admin_sm_auth_reco` VALUES ('e04034fa60204f60916ab829d199a09f', 'test', 'R', 'cc81a8d86f274c81bc680a0bbd27e358', 'M', '2c5b70fe79124261bd9edf85c7010568', '40', '2020-04-26 00:00:00', '2c5b70fe79124261bd9edf85c7010568', '1');
INSERT INTO `admin_sm_auth_reco` VALUES ('E53E8981366F4DE088E9605A4141336B', 'test', 'U', '40', 'C', '8CF7A370AD64430EAF019148C545D769', '40', '2021-01-21 01:43:43', '45929301250A47E2999734F0E0EBFFCA', '1');
INSERT INTO `admin_sm_auth_reco` VALUES ('E5AD778E87C9410480803CFA50251234', 'test', 'U', '40', 'C', 'BC05275B7E9243CAB4C82F58446579C1', '40', '2021-01-21 02:33:54', '5F10CCBDE81F4FCD948E5363637534F8', '1');
INSERT INTO `admin_sm_auth_reco` VALUES ('e67926aeb3f1448e8896e68853ae1ad4', 'test', 'R', 'cc81a8d86f274c81bc680a0bbd27e358', 'M', '74d47cbb74d64263b5b2da4f18bfdd2d', '40', '2021-01-21 00:00:00', '74d47cbb74d64263b5b2da4f18bfdd2d', '1');
INSERT INTO `admin_sm_auth_reco` VALUES ('E8308FF72F444EB88BDE57BF00176D16', 'test', 'U', '40', 'C', '7167D24843AA405592357C5DDC53F89D', '40', '2021-01-21 01:41:49', '45929301250A47E2999734F0E0EBFFCA', '1');
INSERT INTO `admin_sm_auth_reco` VALUES ('eb9ce10ec20f4f24ae181d58e8975653', 'test', 'R', 'cc81a8d86f274c81bc680a0bbd27e358', 'C', 'b2e4e75b25e845e6a73361662bd1dcb6', '40', '2020-04-26 00:00:00', '8878aee19d8a4943ab8fcdd06028144b', '1');
INSERT INTO `admin_sm_auth_reco` VALUES ('efadb6e2f50f4e958ec8059fd77a0f12', 'test', 'R', 'cc81a8d86f274c81bc680a0bbd27e358', 'M', '8367fb9ae69c4e9aaf6c31316c01a38f', '40', '2020-04-26 00:00:00', '8367fb9ae69c4e9aaf6c31316c01a38f', '1');
INSERT INTO `admin_sm_auth_reco` VALUES ('f062bde11a4448889d6b63eb4cbd0040', 'test', 'R', 'cc81a8d86f274c81bc680a0bbd27e358', 'M', '6a55fa64482d430da4cdff4aad973e47', '40', '2020-04-26 00:00:00', '6a55fa64482d430da4cdff4aad973e47', '1');
INSERT INTO `admin_sm_auth_reco` VALUES ('f22eb7cd640c4462932e891d31d50d9f', 'test', 'R', 'cc81a8d86f274c81bc680a0bbd27e358', 'M', '3a3e7e1249934fc899bd90c81187bddf', '40', '2020-04-26 00:00:00', '3a3e7e1249934fc899bd90c81187bddf', '1');
INSERT INTO `admin_sm_auth_reco` VALUES ('f29ecebaf8a841c58cd0ea9004157204', 'test', 'R', 'cc81a8d86f274c81bc680a0bbd27e358', 'C', '0e075f900717499cb021977132f97a79', '40', '2020-04-26 00:00:00', '3936f63cdc994a038a4935e9bcbcdc3d', '1');
INSERT INTO `admin_sm_auth_reco` VALUES ('f3e4e98904b346939cc9a3e23d968195', 'test', 'R', 'cc81a8d86f274c81bc680a0bbd27e358', 'C', '27187a925ab84709b6b359f3ab7984e1', '40', '2020-04-26 00:00:00', '8367fb9ae69c4e9aaf6c31316c01a38f', '1');
INSERT INTO `admin_sm_auth_reco` VALUES ('f4ae08b676bc4825ba360f02e1817db9', 'test', 'R', 'cc81a8d86f274c81bc680a0bbd27e358', 'M', '4eccf88dbdce4151a2a31ea0f236021c', '40', '2020-04-26 00:00:00', '4eccf88dbdce4151a2a31ea0f236021c', '1');
INSERT INTO `admin_sm_auth_reco` VALUES ('f4ca14647e2141a5bdc9c68c00d2cd7e', 'test', 'R', 'cc81a8d86f274c81bc680a0bbd27e358', 'C', 'b0f56c4cf36e4adc9bb3ccfb71dfd80b', '40', '2020-04-26 00:00:00', '4eccf88dbdce4151a2a31ea0f236021c', '1');
INSERT INTO `admin_sm_auth_reco` VALUES ('f5732f530a564a6a97398fcf25bc4a10', 'test', 'R', 'cc81a8d86f274c81bc680a0bbd27e358', 'C', 'f04702152c524f5180c403ec8bd23120', '40', '2020-04-26 00:00:00', 'a9dd3aa991cb423e94212dd18a42200c', '1');
INSERT INTO `admin_sm_auth_reco` VALUES ('F58970FBD12E466D81F8E807CFE1E724', 'test', 'U', '40', 'C', '3BEC98A5384546B8AA6E57178323BCEE', '40', '2021-01-21 02:00:23', '2F1CE2C7129E40B9BEA1D231E6F607B5', '1');
INSERT INTO `admin_sm_auth_reco` VALUES ('f5bf7157f4d344b98106573687614425', 'test', 'R', 'cc81a8d86f274c81bc680a0bbd27e358', 'C', 'ab7700d89a8b4edd98c315212186740d', '40', '2020-04-26 00:00:00', '63c2e6d0c5dc496490f4ea44dd3abf6e', '1');
INSERT INTO `admin_sm_auth_reco` VALUES ('F98916D4AD314B308BCE22042B4841F8', 'test', 'U', '40', 'C', '62CC4F50D1474FDBAC5B835713AC904A', '40', '2021-01-21 02:22:55', 'ed03c7a1318f40fa9dadcba37209d286', '1');
INSERT INTO `admin_sm_auth_reco` VALUES ('FA277290AEF343AEB09C2ADB3BADE591', 'test', 'R', 'cc81a8d86f274c81bc680a0bbd27e358', 'C', 'DCE1FC18A8D249BEAC6CD3569D231975', '40', '2021-03-03 17:29:10', 'f7e5e43f35fe40b49ada1a7f3dfbc4bf', '1');
INSERT INTO `admin_sm_auth_reco` VALUES ('FBAB0FCEA2934FFA818410D3648642B4', 'test', 'U', '40', 'C', '26642B71FD5E42738DE144157FC5A7D1', '40', '2021-01-21 01:47:59', 'ed03c7a1318f40fa9dadcba37209d286', '1');
INSERT INTO `admin_sm_auth_reco` VALUES ('FCE9F4E8F78945F1ACB3F9B97006C59D', 'test', 'U', '40', 'C', '9FFC0739A50F4212977752295667F452', '40', '2021-01-21 01:28:48', '18A066E3C2154A7B97BCE9EE9D09E301', '1');
INSERT INTO `admin_sm_auth_reco` VALUES ('fd8bde9260554794b0f499d83b8d99da', 'test', 'R', 'cc81a8d86f274c81bc680a0bbd27e358', 'M', '1211', '40', '2020-04-26 00:00:00', '1211', '1');
INSERT INTO `admin_sm_auth_reco` VALUES ('FE001F13DA85410BA44A9339E3698C14', 'test', 'U', '40', 'M', '9C0AAA98C2FF4A3493AD02DB5249FE59', '40', '2021-01-20 23:57:53', '9C0AAA98C2FF4A3493AD02DB5249FE59', '1');
INSERT INTO `admin_sm_auth_reco` VALUES ('FF2FE149903849278EE7267195F89D18', 'test', 'U', '40', 'C', '493864374A7142A8BBE97C7CF891E8E9', '40', '2021-01-21 01:33:06', '4f41b539a727424b88f77415600728ae', '1');
INSERT INTO `admin_sm_auth_reco` VALUES ('ffe464e107e24dca9bdc29683ba2cd63', 'test', 'R', 'cc81a8d86f274c81bc680a0bbd27e358', 'M', '009a8c075bd745f2a4860699425b6f14', '40', '2020-04-26 00:00:00', '009a8c075bd745f2a4860699425b6f14', '1');


-- ----------------------------
-- Records of admin_sm_busi_func
-- ----------------------------
INSERT INTO `admin_sm_busi_func` VALUES ('16BB69F16B524298BCC47AF85231BCD0', '1a251ec4aab94003ac7e9c113d1c36bb', '数据授权', '', 'content/systemManager/authDataPowerManager/authDataPowerManager', NULL, NULL, 1, NULL, '40', '2021-04-26 11:46:51', '1');
INSERT INTO `admin_sm_busi_func` VALUES ('24A93B02DBBF4527A9FBE312E73D5F00', '1a251ec4aab94003ac7e9c113d1c36bb', '岗位管理', '岗位管理', 'pages/content/systemManager/dutyManager/dutyManager', NULL, NULL, 1, 'el-icon-yx-chart-1', '40', '2021-01-20 23:56:09', '1');
INSERT INTO `admin_sm_busi_func` VALUES ('40F5579911E4481BACFD2218625BFC49', '1a251ec4aab94003ac7e9c113d1c36bb', '机构管理', '机构管理', 'pages/content/systemManager/orgInfoManager/orgInfoManager', NULL, NULL, 1, 'el-icon-yx-chart-1', '40', '2021-01-20 23:46:28', '1');
INSERT INTO `admin_sm_busi_func` VALUES ('5BC817347E054D648C6940C1498CD5B2', '1a251ec4aab94003ac7e9c113d1c36bb', '部门管理', '部门管理', 'pages/content/systemManager/dptManager/dptManager', NULL, NULL, 1, 'el-icon-yx-chart-1', '40', '2021-01-20 23:54:48', '1');
INSERT INTO `admin_sm_busi_func` VALUES ('62B7B96DEFA34359B003F082F791D6B2', '1a251ec4aab94003ac7e9c113d1c36bb', '策略管理', '策略管理', 'pages/content/systemManager/logicSysManager/logicSysManager', NULL, NULL, 1, 'yu-icon-arr-left', '40', '2021-04-07 14:21:35', '1');
INSERT INTO `admin_sm_busi_func` VALUES ('6810951EADB94581AC1A4F5D1177CC8B', '1a251ec4aab94003ac7e9c113d1c36bb', '系统提示消息管理', '系统提示消息管理', 'pages/content/systemManager/messageManager/messageManager', NULL, NULL, 1, 'el-icon-yx-chart-1', '40', '2021-01-21 00:01:11', '1');
INSERT INTO `admin_sm_busi_func` VALUES ('7A6A7D0581FD452A9224942D49909CD8', '0141629a04f940fca0c69175df25a311', '首页', '首页', 'pages/common/dashboard/dashboard', NULL, NULL, 1, 'el-icon-yx-home', '40', '2021-01-21 00:11:54', '1');
INSERT INTO `admin_sm_busi_func` VALUES ('7CA6A737A4474639AAA9CAC8F51352A1', '1a251ec4aab94003ac7e9c113d1c36bb', '数据权限模板配置', '数据权限模板配置', 'pages/content/systemManager/datafilter/dataFilter', NULL, NULL, 1, 'el-icon-yx-chart-1', '40', '2021-01-20 23:58:49', '1');
INSERT INTO `admin_sm_busi_func` VALUES ('8112315C5E9245BA904EA09DC9821D80', '1a251ec4aab94003ac7e9c113d1c36bb', '日志管理', '日志管理', 'pages/content/systemManager/logManager/logManager', NULL, NULL, 1, NULL, '40', '2021-01-21 00:03:49', '1');
INSERT INTO `admin_sm_busi_func` VALUES ('8452109860c947d89663d65a3f424056', '1a251ec4aab94003ac7e9c113d1c36bb', '功能授权', NULL, 'pages/content/systemManager/roleDataPowerManager/roleDataPowerManager', NULL, NULL, 4, 'el-icon-yx-spinner5', '40', '2021-01-21 13:43:34', '1');
INSERT INTO `admin_sm_busi_func` VALUES ('8753B193DB2D4B9EA37EDB3A70EE473C', '1a251ec4aab94003ac7e9c113d1c36bb', '数据字典配置', '数据字典配置', 'pages/content/systemManager/lookupdict/lookupdict', NULL, NULL, 1, 'el-icon-yx-chart-1', '40', '2021-01-20 23:59:38', '1');
INSERT INTO `admin_sm_busi_func` VALUES ('8AFA78FC0EF149ED848B0D0370BC6E27', '1a251ec4aab94003ac7e9c113d1c36bb', '系统参数', '系统参数', 'pages/content/systemManager/sysprop/sysprop', NULL, NULL, 1, 'el-icon-yx-chart-1', '40', '2021-01-21 00:00:31', '1');
INSERT INTO `admin_sm_busi_func` VALUES ('91A73ACB0D194590B79EC4C2D46D3718', '1a251ec4aab94003ac7e9c113d1c36bb', '定时任务', '', 'pages/content/systemManager/schedule/schedule', NULL, NULL, 1, NULL, '40', '2021-03-03 14:06:58', '1');
INSERT INTO `admin_sm_busi_func` VALUES ('a9ab28c38ea24518b21a00f3a7078742', '1a251ec4aab94003ac7e9c113d1c36bb', '菜单配置', NULL, 'pages/content/systemManager/menuConfig/menuConfig', '1', NULL, 12, 'el-icon-yx-paste', '40', '2021-01-21 13:43:34', '1');
INSERT INTO `admin_sm_busi_func` VALUES ('B7C7026571514B68AA9CDA5CB0DE7446', '1a251ec4aab94003ac7e9c113d1c36bb', '角色管理', '角色管理', 'pages/content/systemManager/roleManage/roleManage', NULL, NULL, 1, 'el-icon-yx-chart-1', '40', '2021-01-20 23:53:02', '1');
INSERT INTO `admin_sm_busi_func` VALUES ('E7AC13803C0C4E6A945EEC933DC733F8', '1a251ec4aab94003ac7e9c113d1c36bb', '控制点管理', '控制点管理', 'pages/content/systemManager/resContrManage/resContrManage', NULL, NULL, 1, 'el-icon-yx-chart-1', '40', '2021-01-20 23:57:31', '1');
INSERT INTO `admin_sm_busi_func` VALUES ('E8E329A3077C4D3F83D472BB2EDBC8B7', '1a251ec4aab94003ac7e9c113d1c36bb', '用户管理', '用户管理', 'pages/content/systemManager/userInfoManager/sysUserManager', NULL, NULL, 1, 'el-icon-yx-chart-1', '40', '2021-01-20 23:50:19', '1');
INSERT INTO `admin_sm_busi_func` VALUES ('ED8F4F3846CB43C68D26D7E15F6C83C2', '1a251ec4aab94003ac7e9c113d1c36bb', '租户管理', NULL, 'pages/content/systemManager/tenantManage/tenantManage', NULL, NULL, 1, NULL, '40', '2021-09-17 17:26:12', '1');
INSERT INTO `admin_sm_busi_func` VALUES ('F97DC4418B524F5996D9970411DB1E8D', '1a251ec4aab94003ac7e9c113d1c36bb', '系统公告', '系统公告', 'pages/content/systemManager/notice/notice', NULL, NULL, 1, 'el-icon-yx-chart-1', '40', '2021-01-21 00:06:06', '1');

-- ----------------------------
-- Records of admin_sm_crel_stra
-- ----------------------------
INSERT INTO `admin_sm_crel_stra` VALUES ('107de7a9a62f4665ab1d34ec9f33e814', 'test', 'LOGIN_SINGLE_AGENT_A', '渠道互斥策略', '2', '', '同一用户只能在一个终端登录', '4', '40', '2021-04-13 16:22:14', 0, '1');
INSERT INTO `admin_sm_crel_stra` VALUES ('1505d47c2f93404cb6832eb6d640f929', 'test', 'LOGIN_PASSWORD_WRONG', '口令错误策略', '2', '', '密码连续输入错误5次，需等半个小时后再重新登录', '1', '40', '2021-04-13 16:22:13', 0, '1');
INSERT INTO `admin_sm_crel_stra` VALUES ('34404cd4c4a94d059f831b253770df2f', 'test', 'PASSWD_LENGTH_RULE', '口令长度策略', '2', '', '密码长度必须不小于8位，不大于24位', '2', '40', '2021-04-09 13:47:51', 0, '1');
INSERT INTO `admin_sm_crel_stra` VALUES ('5a8f2c44a9c94b26adb6b9bbabcb1a9e', 'test', 'PASSWD_COMPLEX_RULE', '口令复杂度策略', '2', 'number,specialCharacters,lowercase,uppercase', '密码中至少有指定的一个字符', '2', '40', '2021-04-13 16:22:07', 0, '1');
INSERT INTO `admin_sm_crel_stra` VALUES ('b90c1dcd624949cca78e7cae12707468', 'test', 'LOGIN_TIMES_B', '登录时间段策略', '2', '08:00,09:00', '在规定的时间内登录', '2', '40', '2021-04-13 16:22:10', 0, '1');
INSERT INTO `admin_sm_crel_stra` VALUES ('f84e9f8869c04d5390e8233dbe43bde6', 'test', 'LOGIN_FIRST_TIME_A', '首次登录', '1', '', '首次登录需要修改密码', '2', '40', '2021-04-13 16:22:15', 0, '1');
INSERT INTO `admin_sm_crel_stra` VALUES ('h5514fce248b4acdadef4298d7230bbc', 'test', 'LOGIN_PERSON_LIMIT', '登录人数限制', '2', '', '限制登录人数', '2', '40', '2021-04-13 16:22:15', 0, '1');


-- ----------------------------
-- Records of admin_sm_crel_stra_en_us
-- ----------------------------
INSERT INTO `admin_sm_crel_stra_en_us` VALUES ('107de7a9a62f4665ab1d34ec9f33e814', 'test', 'LOGIN_SINGLE_AGENT_A', 'Channel mutual exclusion policy', '2', '', 'The same user can only log in at one terminal', '4', '40', '2021-04-13 16:22:14', 0, '1');
INSERT INTO `admin_sm_crel_stra_en_us` VALUES ('1505d47c2f93404cb6832eb6d640f929', 'test', 'LOGIN_PASSWORD_WRONG', 'Password error policy', '2', '', 'Password input error 5 times in a row, you need to wait half an hour before logging in again', '1', '40', '2021-04-13 16:22:13', 0, '1');
INSERT INTO `admin_sm_crel_stra_en_us` VALUES ('34404cd4c4a94d059f831b253770df2f', 'test', 'PASSWD_LENGTH_RULE', 'Password length policy', '2', '', 'The length of the password must be no less than 8 digits and no more than 24 digits', '2', '40', '2021-04-09 13:47:51', 0, '1');
INSERT INTO `admin_sm_crel_stra_en_us` VALUES ('5a8f2c44a9c94b26adb6b9bbabcb1a9e', 'test', 'PASSWD_COMPLEX_RULE', 'Password complexity strategy', '2', 'number,specialCharacters,lowercase,uppercase', 'There is at least one character specified in the password', '2', '40', '2021-04-13 16:22:07', 0, '1');
INSERT INTO `admin_sm_crel_stra_en_us` VALUES ('b90c1dcd624949cca78e7cae12707468', 'test', 'LOGIN_TIMES_B', 'Login time period policy', '2', '08:00,09:00', 'Log in within the specified time', '2', '40', '2021-04-13 16:22:10', 0, '1');
INSERT INTO `admin_sm_crel_stra_en_us` VALUES ('f84e9f8869c04d5390e8233dbe43bde6', 'test', 'LOGIN_FIRST_TIME_A', 'First time login', '1', '', 'You need to change your password to log in for the first time', '2', '40', '2021-04-13 16:22:15', 0, '1');
INSERT INTO `admin_sm_crel_stra_en_us` VALUES ('h5514fce248b4acdadef4298d7230bbc', 'test', 'LOGIN_PERSON_LIMIT', 'Login Limit', '2', '', 'Login Limit', '2', '40', '2021-04-13 16:22:15', 0, '1');





-- ----------------------------
-- Records of admin_sm_func_mod
-- ----------------------------
INSERT INTO `admin_sm_func_mod` VALUES ('0141629a04f940fca0c69175df25a311', '首页', NULL, 'N', 'N', NULL, NULL, NULL, NULL, '40', '2021-02-02 00:00:00', '1');
INSERT INTO `admin_sm_func_mod` VALUES ('1a251ec4aab94003ac7e9c113d1c36bb', '系统管理', NULL, 'N', 'N', NULL, NULL, NULL, NULL, '40', '2021-02-02 00:00:00', '1');



-- ----------------------------
-- Records of admin_sm_instu
-- ----------------------------
INSERT INTO `admin_sm_instu` VALUES ('ecd20f1d26b2449fb763b73afa219d96', 'test', 'F0001', '示例金融机构', '2021-02-02', NULL, NULL, NULL, NULL, 'A', '40', '2021-02-02 10:37:30', '1');






-- ----------------------------
-- Records of admin_sm_logic_sys
-- ----------------------------
INSERT INTO `admin_sm_logic_sys` VALUES ('test', '8867baf39f87408d8d3f2eb6c0294201', '1.0', '后台管理系统', '后台管理系统', 'A', 'N', 'YUSP', 'ptglxt', '1', '40', '2021-09-30 11:07:37');




-- ----------------------------
-- Records of admin_sm_lookup_dict
-- ----------------------------
INSERT INTO `admin_sm_lookup_dict` VALUES ('009c0e19db6d43d79253ab2de7ee77e8', 'ROUTE_STRATEGY', '路由策略', '87br87dcb83f4ab4b22d5fee13iec056', '公共参数', '65b9bf235afa11eb90c6b888e3debd7c', 'BUSYOVER', '忙碌转移', '忙碌转移', NULL, 'ecd20f1d26b2449fb763b73afa219d96', '40', '2021-01-18 13:47:47', '1');
INSERT INTO `admin_sm_lookup_dict` VALUES ('0179c4047f6343eeb1d293d4f21eca8e', 'IDENT_TYPE', '证件类型', '87br87dcb83f4ab4b22d5fee13iec056', '公共参数', '65b9e73e5afa11eb90c6b888e3debd7c', 'A', '境内企业代码', NULL, NULL, 'ecd20f1d26b2449fb763b73afa219d96', 'admin', '2021-01-18 13:47:47', '1');
INSERT INTO `admin_sm_lookup_dict` VALUES ('01a178c441924cac808001fafc45554d', 'GLUE_TYPE', '运行模式', '87br87dcb83f4ab4b22d5fee13iec056', '公共参数', '65b9e2d55afa11eb90c6b888e3debd7c', 'GLUE_GROOVY', 'GLUE模式', 'GLUE模式', NULL, 'ecd20f1d26b2449fb763b73afa219d96', '40', '2021-01-18 13:47:47', '1');
INSERT INTO `admin_sm_lookup_dict` VALUES ('01b59f83ba784ca8a4a4470e2087cca2', 'LOGIC_SYS_EXCLUSIVE_RULE', '逻辑系统互斥登录策略', '87br87dcb83f4ab4b22d5fee13iec056', '公共参数', '65b9e3f45afa11eb90c6b888e3debd7c', '02', '单逻辑系统互斥，多逻辑系统不互斥', '单逻辑系统互斥，多逻辑系统不互斥。 每个渠道只能在线一个', NULL, 'ecd20f1d26b2449fb763b73afa219d96', '40', '2021-01-18 13:47:47', '1');
INSERT INTO `admin_sm_lookup_dict` VALUES ('048163a89781407a9426906e62260477', 'HIGHEST_EDU', '学历', '87br87dcb83f4ab4b22d5fee13iec056', '公共参数', '65b9dc6f5afa11eb90c6b888e3debd7c', '02', '博士', NULL, NULL, 'ecd20f1d26b2449fb763b73afa219d96', '40', '2021-01-18 13:47:47', '1');
INSERT INTO `admin_sm_lookup_dict` VALUES ('07ac4fd61da84b1aaca82ad654ee730c', 'ZB_BIZ_CATE', '申请类型', '87br87dcb83f4ab4b22d5fee13iec056', '公共参数', '65b9e59b5afa11eb90c6b888e3debd7c', 'APPLDEMO04', '会签流程申请', NULL, NULL, 'ecd20f1d26b2449fb763b73afa219d96', '40', '2021-01-18 13:47:47', '1');
INSERT INTO `admin_sm_lookup_dict` VALUES ('07e5af6b568d42dd9781d0d1f70aa352', 'HIGHEST_EDU', '学历', '87br87dcb83f4ab4b22d5fee13iec056', '公共参数', '65b9dc6f5afa11eb90c6b888e3debd7c', '09', '初中', NULL, NULL, 'ecd20f1d26b2449fb763b73afa219d96', '40', '2021-01-18 13:47:47', '1');
INSERT INTO `admin_sm_lookup_dict` VALUES ('0888b11ecc3941a4b772d72cef571ea1', 'PROJECT_STS', '项目状态', '87br87dcb83f4ab4b22d5fee13iec056', '公共参数', '65b9e3655afa11eb90c6b888e3debd7c', '2', '设计', NULL, NULL, 'ecd20f1d26b2449fb763b73afa219d96', '40', '2021-01-18 13:47:47', '1');
INSERT INTO `admin_sm_lookup_dict` VALUES ('0a020e75ab5448f89ede6b9af19cc0c4', 'LOG_TYPE', '日志类型', '87br87dcb83f4ab4b22d5fee13iec056', '公共参数', '65b9e5105afa11eb90c6b888e3debd7c', '2', '查询数据日志', NULL, NULL, 'ecd20f1d26b2449fb763b73afa219d96', 'admin', '2021-01-18 13:47:47', '1');
INSERT INTO `admin_sm_lookup_dict` VALUES ('0b1a733be2d64932a6d7aa6ebcb5418a', 'ENV_STS', '环境状态', '87br87dcb83f4ab4b22d5fee13iec056', '公共参数', '65b9c1a75afa11eb90c6b888e3debd7c', 'A', '启动', '挡板接口平台-勿删', NULL, 'ecd20f1d26b2449fb763b73afa219d96', '40', '2021-01-18 13:47:47', '1');
INSERT INTO `admin_sm_lookup_dict` VALUES ('0c97e1746128451185bc587ca3261e10', 'RANK_LEVEL', '职级', '87br87dcb83f4ab4b22d5fee13iec056', '公共参数', '65b9dae55afa11eb90c6b888e3debd7c', '03', '基层领导', NULL, NULL, 'ecd20f1d26b2449fb763b73afa219d96', '40', '2021-01-18 13:47:47', '1');
INSERT INTO `admin_sm_lookup_dict` VALUES ('0daa27aff9ed495fb24e6aacd23fbf60', 'HIGHEST_EDU', '学历', '87br87dcb83f4ab4b22d5fee13iec056', '公共参数', '65b9dc6f5afa11eb90c6b888e3debd7c', '08', '高中', NULL, NULL, 'ecd20f1d26b2449fb763b73afa219d96', '40', '2021-01-18 13:47:47', '1');
INSERT INTO `admin_sm_lookup_dict` VALUES ('1051636fffaf4cd882fcbbe8e952a862', 'ROUTE_STRATEGY', '路由策略', '87br87dcb83f4ab4b22d5fee13iec056', '公共参数', '65b9bf235afa11eb90c6b888e3debd7c', 'FAILOVER', '故障转移', '故障转移', NULL, 'ecd20f1d26b2449fb763b73afa219d96', '40', '2021-01-18 13:47:47', '1');
INSERT INTO `admin_sm_lookup_dict` VALUES ('12e7b2e57ff14b988ca9dcb38edc8290', 'RANK_LEVEL', '职级', '87br87dcb83f4ab4b22d5fee13iec056', '公共参数', '65b9dae55afa11eb90c6b888e3debd7c', '01', '高层领导', NULL, NULL, 'ecd20f1d26b2449fb763b73afa219d96', '40', '2021-01-18 13:47:47', '1');
INSERT INTO `admin_sm_lookup_dict` VALUES ('1425112138554c5183f58116d7adf056', 'HIGHEST_EDU', '学历', '87br87dcb83f4ab4b22d5fee13iec056', '公共参数', '65b9dc6f5afa11eb90c6b888e3debd7c', '99', '其他', NULL, NULL, 'ecd20f1d26b2449fb763b73afa219d96', '40', '2021-01-18 13:47:47', '1');
INSERT INTO `admin_sm_lookup_dict` VALUES ('1603d5571ea445a78c714991d4e57b1c', 'TRIGGER_REGTYPE', '执行器注册方式', '87br87dcb83f4ab4b22d5fee13iec056', '公共参数', '65b9c0da5afa11eb90c6b888e3debd7c', '0', '自动注册', NULL, NULL, 'ecd20f1d26b2449fb763b73afa219d96', '40', '2021-01-18 13:47:47', '1');
INSERT INTO `admin_sm_lookup_dict` VALUES ('16b4a23c54514200b1faaf1ee8300d81', 'RANK_LEVEL', '职级', '87br87dcb83f4ab4b22d5fee13iec056', '公共参数', '65b9dae55afa11eb90c6b888e3debd7c', '04', '普通员工', NULL, NULL, 'ecd20f1d26b2449fb763b73afa219d96', '40', '2021-01-18 13:47:47', '1');
INSERT INTO `admin_sm_lookup_dict` VALUES ('16ebe682a62a4feabc13d4994694febb', 'ZB_BIZ_CATE', '申请类型', '87br87dcb83f4ab4b22d5fee13iec056', '公共参数', '65b9e59b5afa11eb90c6b888e3debd7c', 'peixun2', '培训2222', NULL, NULL, 'ecd20f1d26b2449fb763b73afa219d96', '40', '2021-01-18 13:47:47', '1');
INSERT INTO `admin_sm_lookup_dict` VALUES ('188c1a277e3d40d3a96aa7933ea15509', 'ENV_TYP', '系统环境类型', '87br87dcb83f4ab4b22d5fee13iec056', '公共参数', '65b9e2495afa11eb90c6b888e3debd7c', '0001', '核心系统-开发', NULL, NULL, 'ecd20f1d26b2449fb763b73afa219d96', '40', '2021-01-18 13:47:47', '1');
INSERT INTO `admin_sm_lookup_dict` VALUES ('2090bc7d1eae40c6b909eaa76ef4e561', 'EXEU_STS', '测试集执行状态', '87br87dcb83f4ab4b22d5fee13iec056', '公共参数', '65b9dd075afa11eb90c6b888e3debd7c', '5', '等待执行', '挡板接口平台-勿删', NULL, 'ecd20f1d26b2449fb763b73afa219d96', '40', '2021-01-18 13:47:47', '1');
INSERT INTO `admin_sm_lookup_dict` VALUES ('20fda712df5043d699e8a8472b549e62', 'AUTHRES_TYPE', '授权资源类型', '87br87dcb83f4ab4b22d5fee13iec056', '公共参数', '65b9e8615afa11eb90c6b888e3debd7c', 'D', '数据权限', NULL, NULL, 'ecd20f1d26b2449fb763b73afa219d96', 'admin', '2021-01-18 13:47:47', '1');
INSERT INTO `admin_sm_lookup_dict` VALUES ('217eb938c3e541879e11afc9f0468b7d', 'ZB_BIZ_CATE', '申请类型', '87br87dcb83f4ab4b22d5fee13iec056', '公共参数', '65b9e59b5afa11eb90c6b888e3debd7c', 'YPRK', '押品入库流程', NULL, NULL, 'ecd20f1d26b2449fb763b73afa219d96', '40', '2021-01-18 13:47:47', '1');
INSERT INTO `admin_sm_lookup_dict` VALUES ('22adb539b36a4238a4e0db65096737b7', 'DEBUG_STS', '调试状态', '87br87dcb83f4ab4b22d5fee13iec056', '公共参数', '65b9e8ed5afa11eb90c6b888e3debd7c', '1', '通过', '挡板接口平台-勿删', NULL, 'ecd20f1d26b2449fb763b73afa219d96', '40', '2021-01-18 13:47:47', '1');
INSERT INTO `admin_sm_lookup_dict` VALUES ('258359f35d9c4c77a0d405bb297664ad', 'ZB_BIZ_CATE', '申请类型', '87br87dcb83f4ab4b22d5fee13iec056', '公共参数', '65b9e59b5afa11eb90c6b888e3debd7c', 'APPLDEMO03', '多选流程申请', NULL, NULL, 'ecd20f1d26b2449fb763b73afa219d96', '40', '2021-01-18 13:47:47', '1');
INSERT INTO `admin_sm_lookup_dict` VALUES ('2588f6a4b9fc41f6b897d9c0da1bcc3a', 'MESSAGE_LEVEL', '信息级别', '87br87dcb83f4ab4b22d5fee13iec056', '公共参数', '65b9e1225afa11eb90c6b888e3debd7c', 'info', '信息', NULL, NULL, 'ecd20f1d26b2449fb763b73afa219d96', 'admin', '2021-01-18 13:47:47', '1');
INSERT INTO `admin_sm_lookup_dict` VALUES ('2bba99e3611d40a9af1267c1d4876424', 'ENV_TYP', '系统环境类型', '87br87dcb83f4ab4b22d5fee13iec056', '公共参数', '65b9e2495afa11eb90c6b888e3debd7c', '0005', '信贷系统-测试', NULL, NULL, 'ecd20f1d26b2449fb763b73afa219d96', '40', '2021-01-18 13:47:47', '1');
INSERT INTO `admin_sm_lookup_dict` VALUES ('2c0528177b3f430e859132420cec75a3', 'ROUTE_STRATEGY', '路由策略', '87br87dcb83f4ab4b22d5fee13iec056', '公共参数', '65b9bf235afa11eb90c6b888e3debd7c', 'FIRST', '第一个', '第一个', NULL, 'ecd20f1d26b2449fb763b73afa219d96', '40', '2021-01-18 13:47:47', '1');
INSERT INTO `admin_sm_lookup_dict` VALUES ('32c791ad58014156b642d006c8908cc8', 'ENV_TYP', '系统环境类型', '87br87dcb83f4ab4b22d5fee13iec056', '公共参数', '65b9e2495afa11eb90c6b888e3debd7c', '0002', '核心系统-测试', NULL, NULL, 'ecd20f1d26b2449fb763b73afa219d96', '40', '2021-01-18 13:47:47', '1');
INSERT INTO `admin_sm_lookup_dict` VALUES ('32d391e152c8461297d05f5feda55308', 'ZB_BIZ_CATE', '申请类型', '87br87dcb83f4ab4b22d5fee13iec056', '公共参数', '65b9e59b5afa11eb90c6b888e3debd7c', 'APPLDEMO07', '异步子流程申请', NULL, NULL, 'ecd20f1d26b2449fb763b73afa219d96', '40', '2021-01-18 13:47:47', '1');
INSERT INTO `admin_sm_lookup_dict` VALUES ('33a2e2e565b84a6f8cbe163b7d45201f', 'PROJECT_STS', '项目状态', '87br87dcb83f4ab4b22d5fee13iec056', '公共参数', '65b9e3655afa11eb90c6b888e3debd7c', '4', '结束', NULL, NULL, 'ecd20f1d26b2449fb763b73afa219d96', '40', '2021-01-18 13:47:47', '1');
INSERT INTO `admin_sm_lookup_dict` VALUES ('3927a7a0c26a4c38b674d2252d052f6e', 'ENV_TYP', '系统环境类型', '87br87dcb83f4ab4b22d5fee13iec056', '公共参数', '65b9e2495afa11eb90c6b888e3debd7c', '0004', '信贷系统-开发', NULL, NULL, 'ecd20f1d26b2449fb763b73afa219d96', '40', '2021-01-18 13:47:47', '1');
INSERT INTO `admin_sm_lookup_dict` VALUES ('3b9f92a5e70647f8bd8425d613b9c22c', 'ROUTE_STRATEGY', '路由策略', '87br87dcb83f4ab4b22d5fee13iec056', '公共参数', '65b9bf235afa11eb90c6b888e3debd7c', 'RANDOM', '随机', '随机', NULL, 'ecd20f1d26b2449fb763b73afa219d96', '40', '2021-01-18 13:47:47', '1');
INSERT INTO `admin_sm_lookup_dict` VALUES ('3de83372f5e147708fa043df0edb3ee6', 'HIGHEST_EDU', '学历', '87br87dcb83f4ab4b22d5fee13iec056', '公共参数', '65b9dc6f5afa11eb90c6b888e3debd7c', '11', '文盲或半文盲', NULL, NULL, 'ecd20f1d26b2449fb763b73afa219d96', '40', '2021-01-18 13:47:47', '1');
INSERT INTO `admin_sm_lookup_dict` VALUES ('3effc15137b54765979d31c9c23f79b5', 'BLOCK_STRATEGY', '阻塞处理策略', '87br87dcb83f4ab4b22d5fee13iec056', '公共参数', '65b9e08e5afa11eb90c6b888e3debd7c', 'DISCARD_LATER', '丢弃后续调度', '丢弃后续调度', NULL, 'ecd20f1d26b2449fb763b73afa219d96', '40', '2021-01-18 13:47:47', '1');
INSERT INTO `admin_sm_lookup_dict` VALUES ('3f83769487f8436099ef5f687e535002', 'AUTHOBJ_TYPE', '授权对象类型', '87br87dcb83f4ab4b22d5fee13iec056', '公共参数', '65b9e97d5afa11eb90c6b888e3debd7c', 'OU', '对象组', NULL, NULL, 'ecd20f1d26b2449fb763b73afa219d96', 'admin', '2021-01-18 13:47:47', '1');
INSERT INTO `admin_sm_lookup_dict` VALUES ('3fab4ffc312f44ca8774b8ebccf50d8a', 'ZB_BIZ_CATE', '申请类型', '87br87dcb83f4ab4b22d5fee13iec056', '公共参数', '65b9e59b5afa11eb90c6b888e3debd7c', 'peixun', '请假', NULL, NULL, 'ecd20f1d26b2449fb763b73afa219d96', '40', '2021-01-18 13:47:47', '1');
INSERT INTO `admin_sm_lookup_dict` VALUES ('424903b664674b08ab2df8adefbf754c', 'LOG_TYPE', '日志类型', '87br87dcb83f4ab4b22d5fee13iec056', '公共参数', '65b9e5105afa11eb90c6b888e3debd7c', '5', '登出系统', NULL, NULL, 'ecd20f1d26b2449fb763b73afa219d96', 'admin', '2021-01-18 13:47:47', '1');
INSERT INTO `admin_sm_lookup_dict` VALUES ('435a0fe176fd40cd8e283847934ebe24', 'HTTP_METHOD_TYPE', 'HTTP方法', '87br87dcb83f4ab4b22d5fee13iec056', '公共参数', '65b9e1b65afa11eb90c6b888e3debd7c', 'GET', 'GET', NULL, NULL, 'ecd20f1d26b2449fb763b73afa219d96', '40', '2021-01-18 13:47:47', '1');
INSERT INTO `admin_sm_lookup_dict` VALUES ('4532afbd2fa140f6b3f7666625b1abce', 'DATASET_TYP', '数据集类型', '87br87dcb83f4ab4b22d5fee13iec056', '公共参数', '65b9ea085afa11eb90c6b888e3debd7c', '1', '全量字段', NULL, NULL, 'ecd20f1d26b2449fb763b73afa219d96', '40', '2021-01-18 13:47:47', '1');
INSERT INTO `admin_sm_lookup_dict` VALUES ('46de37653a9b46eab2163c564b0f874d', 'LOG_TYPE', '日志类型', '87br87dcb83f4ab4b22d5fee13iec056', '公共参数', '65b9e5105afa11eb90c6b888e3debd7c', '9', '授权日志', NULL, NULL, 'ecd20f1d26b2449fb763b73afa219d96', 'admin', '2021-01-18 13:47:47', '1');
INSERT INTO `admin_sm_lookup_dict` VALUES ('49fccb152fe54bdc8ae821981d81abd3', 'ROUTE_STRATEGY', '路由策略', '87br87dcb83f4ab4b22d5fee13iec056', '公共参数', '65b9bf235afa11eb90c6b888e3debd7c', 'LEAST_FREQUENTLY_USED', '最不经常使用', '最不经常使用', NULL, 'ecd20f1d26b2449fb763b73afa219d96', '40', '2021-01-18 13:47:47', '1');
INSERT INTO `admin_sm_lookup_dict` VALUES ('4a2a0b4f54584528b0f20571febfa8ed', 'MESSAGE_LEVEL', '信息级别', '87br87dcb83f4ab4b22d5fee13iec056', '公共参数', '65b9e1225afa11eb90c6b888e3debd7c', 'M001', '未知错误', NULL, NULL, 'ecd20f1d26b2449fb763b73afa219d96', 'admin', '2021-01-18 13:47:47', '1');
INSERT INTO `admin_sm_lookup_dict` VALUES ('4c849852fe7046f2ae41ccb193f3994f', 'SEX_TYPE', '性别', '87br87dcb83f4ab4b22d5fee13iec056', '公共参数', '65b9e4845afa11eb90c6b888e3debd7c', '2', '女', NULL, NULL, 'ecd20f1d26b2449fb763b73afa219d96', '40', '2021-01-18 13:47:47', '1');
INSERT INTO `admin_sm_lookup_dict` VALUES ('4d724fbf1ec54b768506984929b91a1d', 'ZB_BIZ_CATE', '申请类型', '87br87dcb83f4ab4b22d5fee13iec056', '公共参数', '65b9e59b5afa11eb90c6b888e3debd7c', 'APPLDEMO01', '一般流程申请', NULL, NULL, 'ecd20f1d26b2449fb763b73afa219d96', '40', '2021-01-18 13:47:47', '1');
INSERT INTO `admin_sm_lookup_dict` VALUES ('51edd496c93c43d0b52f553d6a50761f', 'IDENT_TYPE', '证件类型', '87br87dcb83f4ab4b22d5fee13iec056', '公共参数', '65b9e73e5afa11eb90c6b888e3debd7c', 'D', '台湾居民身份证', NULL, NULL, 'ecd20f1d26b2449fb763b73afa219d96', 'admin', '2021-01-18 13:47:47', '1');
INSERT INTO `admin_sm_lookup_dict` VALUES ('538c1902ffe1413aa529b4396e8c5678', 'ROUTE_STRATEGY', '路由策略', '87br87dcb83f4ab4b22d5fee13iec056', '公共参数', '65b9bf235afa11eb90c6b888e3debd7c', 'LAST', '最后一个', '最后一个', NULL, 'ecd20f1d26b2449fb763b73afa219d96', '40', '2021-01-18 13:47:47', '1');
INSERT INTO `admin_sm_lookup_dict` VALUES ('597742df3161435e8e736267c4eba010', 'IDENT_TYPE', '证件类型', '87br87dcb83f4ab4b22d5fee13iec056', '公共参数', '65b9e73e5afa11eb90c6b888e3debd7c', 'K', '工会机构代码', NULL, NULL, 'ecd20f1d26b2449fb763b73afa219d96', 'admin', '2021-01-18 13:47:47', '1');
INSERT INTO `admin_sm_lookup_dict` VALUES ('5bd53db0018f4483a902ae9c51759772', 'AUTHRES_TYPE', '授权资源类型', '87br87dcb83f4ab4b22d5fee13iec056', '公共参数', '65b9e8615afa11eb90c6b888e3debd7c', 'C', '控制点', NULL, NULL, 'ecd20f1d26b2449fb763b73afa219d96', 'admin', '2021-01-18 13:47:47', '1');
INSERT INTO `admin_sm_lookup_dict` VALUES ('5c49bed835594a85b86ff911e294f086', 'AUTHOBJ_TYPE', '授权对象类型', '87br87dcb83f4ab4b22d5fee13iec056', '公共参数', '65b9e97d5afa11eb90c6b888e3debd7c', 'bbb', 'bbbb', '11111', NULL, 'ecd20f1d26b2449fb763b73afa219d96', 'admin', '2021-01-18 13:47:47', '1');
INSERT INTO `admin_sm_lookup_dict` VALUES ('5e2b3949a43e4928ae83db6f01b58469', 'FAIL_STRATEGY', '失败处理策略', '87br87dcb83f4ab4b22d5fee13iec056', '公共参数', '65b9e6b25afa11eb90c6b888e3debd7c', 'FAIL_ALARM', '失败告警', '失败告警', NULL, 'ecd20f1d26b2449fb763b73afa219d96', '40', '2021-01-18 13:47:47', '1');
INSERT INTO `admin_sm_lookup_dict` VALUES ('6104f19065544f26870920cb4ce14a67', 'CASE_EXEU_STS', '测试用例执行状态', '87br87dcb83f4ab4b22d5fee13iec056', '公共参数', '65b9ea945afa11eb90c6b888e3debd7c', '1', '成功', '挡板接口平台-勿删', NULL, 'ecd20f1d26b2449fb763b73afa219d96', '313132fa5bee4a97a494642c14c4fa8d', '2021-01-18 13:47:47', '1');
INSERT INTO `admin_sm_lookup_dict` VALUES ('6237e0cf0dea4af38dc74b542c89a026', 'AUTHOBJ_TYPE', '授权对象类型', '87br87dcb83f4ab4b22d5fee13iec056', '公共参数', '65b9e97d5afa11eb90c6b888e3debd7c', 'D', '部门', NULL, NULL, 'ecd20f1d26b2449fb763b73afa219d96', 'admin', '2021-01-18 13:47:47', '1');
INSERT INTO `admin_sm_lookup_dict` VALUES ('62c5a782ccf64df6a684ba9fb9f24b76', 'BLOCK_STRATEGY', '阻塞处理策略', '87br87dcb83f4ab4b22d5fee13iec056', '公共参数', '65b9e08e5afa11eb90c6b888e3debd7c', 'COVER_EARLY', '覆盖之前调度', '覆盖之前调度', NULL, 'ecd20f1d26b2449fb763b73afa219d96', '40', '2021-01-18 13:47:47', '1');
INSERT INTO `admin_sm_lookup_dict` VALUES ('63d6c43fb0dd4c18bc63eaa0c8978528', 'LOG_TYPE', '日志类型', '87br87dcb83f4ab4b22d5fee13iec056', '公共参数', '65b9e5105afa11eb90c6b888e3debd7c', '7', '访问菜单', NULL, NULL, 'ecd20f1d26b2449fb763b73afa219d96', 'admin', '2021-01-18 13:47:47', '1');
INSERT INTO `admin_sm_lookup_dict` VALUES ('65b91ff69cf84a88a75627d45884db74', 'MESSAGE_LEVEL', '信息级别', '87br87dcb83f4ab4b22d5fee13iec056', '公共参数', '65b9e1225afa11eb90c6b888e3debd7c', 'success', '成功', NULL, NULL, 'ecd20f1d26b2449fb763b73afa219d96', 'admin', '2021-01-18 13:47:47', '1');
INSERT INTO `admin_sm_lookup_dict` VALUES ('65b9bca65afa11eb90c6b888e3debd7c', 'YESNO', '是否', '87br87dcb83f4ab4b22d5fee13iec056', '公共参数', '-1', '0', '0', NULL, 0, 'ecd20f1d26b2449fb763b73afa219d96', '40', '2021-01-18 13:47:47', '1');
INSERT INTO `admin_sm_lookup_dict` VALUES ('65b9bf235afa11eb90c6b888e3debd7c', 'ROUTE_STRATEGY', '路由策略', '87br87dcb83f4ab4b22d5fee13iec056', '公共参数', '-1', '0', '0', NULL, 0, 'ecd20f1d26b2449fb763b73afa219d96', '40', '2021-01-18 13:47:47', '1');
INSERT INTO `admin_sm_lookup_dict` VALUES ('65b9c0295afa11eb90c6b888e3debd7c', 'DATA_STS', '数据状态', '87br87dcb83f4ab4b22d5fee13iec056', '公共参数', '-1', '0', '0', NULL, 0, 'ecd20f1d26b2449fb763b73afa219d96', '40', '2017-12-18 00:00:00', '1');
INSERT INTO `admin_sm_lookup_dict` VALUES ('65b9c0da5afa11eb90c6b888e3debd7c', 'TRIGGER_REGTYPE', '执行器注册方式', '87br87dcb83f4ab4b22d5fee13iec056', '公共参数', '-1', '0', '0', NULL, 0, 'ecd20f1d26b2449fb763b73afa219d96', '40', '2021-01-18 13:47:47', '1');
INSERT INTO `admin_sm_lookup_dict` VALUES ('65b9c1a75afa11eb90c6b888e3debd7c', 'ENV_STS', '环境状态', '87br87dcb83f4ab4b22d5fee13iec056', '公共参数', '-1', '0', '0', NULL, 0, 'ecd20f1d26b2449fb763b73afa219d96', '40', '2021-01-18 13:47:47', '1');
INSERT INTO `admin_sm_lookup_dict` VALUES ('65b9c23f5afa11eb90c6b888e3debd7c', 'JOB_GROUP', '执行器', '87br87dcb83f4ab4b22d5fee13iec056', '公共参数', '-1', '0', '0', NULL, 0, 'ecd20f1d26b2449fb763b73afa219d96', '40', '2021-01-18 13:47:47', '1');
INSERT INTO `admin_sm_lookup_dict` VALUES ('65b9dae55afa11eb90c6b888e3debd7c', 'RANK_LEVEL', '职级', '87br87dcb83f4ab4b22d5fee13iec056', '公共参数', '-1', '0', '0', NULL, 0, 'ecd20f1d26b2449fb763b73afa219d96', '40', '2021-01-18 13:47:47', '1');
INSERT INTO `admin_sm_lookup_dict` VALUES ('65b9dbd35afa11eb90c6b888e3debd7c', 'MESSAGE_TYPE', '消息类别', '87br87dcb83f4ab4b22d5fee13iec056', '公共参数', '-1', '0', '0', NULL, 0, 'ecd20f1d26b2449fb763b73afa219d96', '40', '2021-01-18 13:47:47', '1');
INSERT INTO `admin_sm_lookup_dict` VALUES ('65b9dc6f5afa11eb90c6b888e3debd7c', 'HIGHEST_EDU', '学历', '87br87dcb83f4ab4b22d5fee13iec056', '公共参数', '-1', '0', '0', NULL, 0, 'ecd20f1d26b2449fb763b73afa219d96', '40', '2021-01-18 13:47:47', '1');
INSERT INTO `admin_sm_lookup_dict` VALUES ('65b9dd075afa11eb90c6b888e3debd7c', 'EXEU_STS', '测试集执行状态', '87br87dcb83f4ab4b22d5fee13iec056', '公共参数', '-1', '0', '0', NULL, 0, 'ecd20f1d26b2449fb763b73afa219d96', '40', '2021-01-18 13:47:47', '1');
INSERT INTO `admin_sm_lookup_dict` VALUES ('65b9dd975afa11eb90c6b888e3debd7c', 'MY_SEX', '测试性别', '87br87dcb83f4ab4b22d5fee13iec056', '公共参数', '-1', '0', '0', NULL, 0, 'ecd20f1d26b2449fb763b73afa219d96', '40', '2021-01-18 13:47:47', '1');
INSERT INTO `admin_sm_lookup_dict` VALUES ('65b9de265afa11eb90c6b888e3debd7c', 'IS_REQ', '是否必填', '87br87dcb83f4ab4b22d5fee13iec056', '公共参数', '-1', '0', '0', NULL, 0, 'ecd20f1d26b2449fb763b73afa219d96', '40', '2021-01-18 13:47:47', '1');
INSERT INTO `admin_sm_lookup_dict` VALUES ('65b9deba5afa11eb90c6b888e3debd7c', 'CHANNEL_FLAG', '渠道标识', '87br87dcb83f4ab4b22d5fee13iec056', '公共参数', '-1', '0', '0', NULL, 0, 'ecd20f1d26b2449fb763b73afa219d96', '40', '2021-01-18 13:47:47', '1');
INSERT INTO `admin_sm_lookup_dict` VALUES ('65b9df465afa11eb90c6b888e3debd7c', 'CHANNEL_EXCLUSIVE_RULE', '渠道互斥策略', '87br87dcb83f4ab4b22d5fee13iec056', '公共参数', '-1', '0', '0', NULL, 0, 'ecd20f1d26b2449fb763b73afa219d96', '40', '2021-01-18 13:47:47', '1');
INSERT INTO `admin_sm_lookup_dict` VALUES ('65b9dff65afa11eb90c6b888e3debd7c', 'CHANNEL_AUTH_TYPE', '渠道认证方式', '87br87dcb83f4ab4b22d5fee13iec056', '公共参数', '-1', '0', '0', NULL, 0, 'ecd20f1d26b2449fb763b73afa219d96', '40', '2021-01-18 13:47:47', '1');
INSERT INTO `admin_sm_lookup_dict` VALUES ('65b9e08e5afa11eb90c6b888e3debd7c', 'BLOCK_STRATEGY', '阻塞处理策略', '87br87dcb83f4ab4b22d5fee13iec056', '公共参数', '-1', '0', '0', NULL, 0, 'ecd20f1d26b2449fb763b73afa219d96', '40', '2021-01-18 13:47:47', '1');
INSERT INTO `admin_sm_lookup_dict` VALUES ('65b9e1225afa11eb90c6b888e3debd7c', 'MESSAGE_LEVEL', '信息级别', '87br87dcb83f4ab4b22d5fee13iec056', '公共参数', '-1', '0', '0', NULL, 0, 'ecd20f1d26b2449fb763b73afa219d96', '40', '2021-01-18 13:47:47', '1');
INSERT INTO `admin_sm_lookup_dict` VALUES ('65b9e1b65afa11eb90c6b888e3debd7c', 'HTTP_METHOD_TYPE', 'HTTP方法', '87br87dcb83f4ab4b22d5fee13iec056', '公共参数', '-1', '0', '0', NULL, 0, 'ecd20f1d26b2449fb763b73afa219d96', '40', '2021-01-18 13:47:47', '1');
INSERT INTO `admin_sm_lookup_dict` VALUES ('65b9e2495afa11eb90c6b888e3debd7c', 'ENV_TYP', '系统环境类型', '87br87dcb83f4ab4b22d5fee13iec056', '公共参数', '-1', '0', '0', NULL, 0, 'ecd20f1d26b2449fb763b73afa219d96', '40', '2021-01-18 13:47:47', '1');
INSERT INTO `admin_sm_lookup_dict` VALUES ('65b9e2d55afa11eb90c6b888e3debd7c', 'GLUE_TYPE', '运行模式', '87br87dcb83f4ab4b22d5fee13iec056', '公共参数', '-1', '0', '0', NULL, 0, 'ecd20f1d26b2449fb763b73afa219d96', '40', '2021-01-18 13:47:47', '1');
INSERT INTO `admin_sm_lookup_dict` VALUES ('65b9e3655afa11eb90c6b888e3debd7c', 'PROJECT_STS', '项目状态', '87br87dcb83f4ab4b22d5fee13iec056', '公共参数', '-1', '0', '0', NULL, 0, 'ecd20f1d26b2449fb763b73afa219d96', '40', '2021-01-18 13:47:47', '1');
INSERT INTO `admin_sm_lookup_dict` VALUES ('65b9e3f45afa11eb90c6b888e3debd7c', 'LOGIC_SYS_EXCLUSIVE_RULE', '逻辑系统互斥登录策略', '87br87dcb83f4ab4b22d5fee13iec056', '公共参数', '-1', '0', '0', NULL, 0, 'ecd20f1d26b2449fb763b73afa219d96', '40', '2021-01-18 13:47:47', '1');
INSERT INTO `admin_sm_lookup_dict` VALUES ('65b9e4845afa11eb90c6b888e3debd7c', 'SEX_TYPE', '性别', '87br87dcb83f4ab4b22d5fee13iec056', '公共参数', '-1', '0', '0', NULL, 0, 'ecd20f1d26b2449fb763b73afa219d96', '40', '2021-01-18 13:47:47', '1');
INSERT INTO `admin_sm_lookup_dict` VALUES ('65b9e5105afa11eb90c6b888e3debd7c', 'LOG_TYPE', '日志类型', '87br87dcb83f4ab4b22d5fee13iec056', '公共参数', '-1', '0', '0', NULL, 0, 'ecd20f1d26b2449fb763b73afa219d96', '40', '2021-01-18 13:47:47', '1');
INSERT INTO `admin_sm_lookup_dict` VALUES ('65b9e59b5afa11eb90c6b888e3debd7c', 'ZB_BIZ_CATE', '申请类型', '87br87dcb83f4ab4b22d5fee13iec056', '公共参数', '-1', '0', '0', NULL, 0, 'ecd20f1d26b2449fb763b73afa219d96', '40', '2021-01-18 13:47:47', '1');
INSERT INTO `admin_sm_lookup_dict` VALUES ('65b9e6275afa11eb90c6b888e3debd7c', 'COMM_TYPE', '通信类型', '87br87dcb83f4ab4b22d5fee13iec056', '公共参数', '-1', '0', '0', NULL, 0, 'ecd20f1d26b2449fb763b73afa219d96', '40', '2021-01-18 13:47:47', '1');
INSERT INTO `admin_sm_lookup_dict` VALUES ('65b9e6b25afa11eb90c6b888e3debd7c', 'FAIL_STRATEGY', '失败处理策略', '87br87dcb83f4ab4b22d5fee13iec056', '公共参数', '-1', '0', '0', NULL, 0, 'ecd20f1d26b2449fb763b73afa219d96', '40', '2021-01-18 13:47:47', '1');
INSERT INTO `admin_sm_lookup_dict` VALUES ('65b9e73e5afa11eb90c6b888e3debd7c', 'IDENT_TYPE', '证件类型', '87br87dcb83f4ab4b22d5fee13iec056', '公共参数', '-1', '0', '0', NULL, 0, 'ecd20f1d26b2449fb763b73afa219d96', '40', '2021-01-18 13:47:47', '1');
INSERT INTO `admin_sm_lookup_dict` VALUES ('65b9e7ce5afa11eb90c6b888e3debd7c', 'ACTION_TYPE', '认证执行方式', '87br87dcb83f4ab4b22d5fee13iec056', '公共参数', '-1', '0', '0', NULL, 0, 'ecd20f1d26b2449fb763b73afa219d96', '40', '2021-01-18 13:47:47', '1');
INSERT INTO `admin_sm_lookup_dict` VALUES ('65b9e8615afa11eb90c6b888e3debd7c', 'AUTHRES_TYPE', '授权资源类型', '87br87dcb83f4ab4b22d5fee13iec056', '公共参数', '-1', '0', '0', NULL, 0, 'ecd20f1d26b2449fb763b73afa219d96', '40', '2017-12-05 00:00:00', '1');
INSERT INTO `admin_sm_lookup_dict` VALUES ('65b9e8ed5afa11eb90c6b888e3debd7c', 'DEBUG_STS', '调试状态', '87br87dcb83f4ab4b22d5fee13iec056', '公共参数', '-1', '0', '0', NULL, 0, 'ecd20f1d26b2449fb763b73afa219d96', '40', '2021-01-18 13:47:47', '1');
INSERT INTO `admin_sm_lookup_dict` VALUES ('65b9e97d5afa11eb90c6b888e3debd7c', 'AUTHOBJ_TYPE', '授权对象类型', '87br87dcb83f4ab4b22d5fee13iec056', '公共参数', '-1', '0', '0', NULL, 0, 'ecd20f1d26b2449fb763b73afa219d96', '40', '2021-01-18 13:47:47', '1');
INSERT INTO `admin_sm_lookup_dict` VALUES ('65b9ea085afa11eb90c6b888e3debd7c', 'DATASET_TYP', '数据集类型', '87br87dcb83f4ab4b22d5fee13iec056', '公共参数', '-1', '0', '0', NULL, 0, 'ecd20f1d26b2449fb763b73afa219d96', '40', '2021-01-18 13:47:47', '1');
INSERT INTO `admin_sm_lookup_dict` VALUES ('65b9ea945afa11eb90c6b888e3debd7c', 'CASE_EXEU_STS', '测试用例执行状态', '87br87dcb83f4ab4b22d5fee13iec056', '公共参数', '-1', '0', '0', NULL, 0, 'ecd20f1d26b2449fb763b73afa219d96', '40', '2021-01-18 13:47:47', '1');
INSERT INTO `admin_sm_lookup_dict` VALUES ('6a7c417311d24a72993e78efabb6b960', 'IDENT_TYPE', '证件类型', '87br87dcb83f4ab4b22d5fee13iec056', '公共参数', '65b9e73e5afa11eb90c6b888e3debd7c', 'M', '境内居民护照', NULL, NULL, 'ecd20f1d26b2449fb763b73afa219d96', 'admin', '2021-01-18 13:47:47', '1');
INSERT INTO `admin_sm_lookup_dict` VALUES ('6ddd5e665a434a61b130c194f9b1e846', 'AUTHOBJ_TYPE', '授权对象类型', '87br87dcb83f4ab4b22d5fee13iec056', '公共参数', '65b9e97d5afa11eb90c6b888e3debd7c', 'G', '机构', NULL, NULL, 'ecd20f1d26b2449fb763b73afa219d96', 'admin', '2021-01-18 13:47:47', '1');
INSERT INTO `admin_sm_lookup_dict` VALUES ('6f4030948c764e56988138ed8a5f201c', 'GLUE_TYPE', '运行模式', '87br87dcb83f4ab4b22d5fee13iec056', '公共参数', '65b9e2d55afa11eb90c6b888e3debd7c', 'GLUE_SHELL', 'GLUE模式（Shell）', 'GLUE模式（Shell）', NULL, 'ecd20f1d26b2449fb763b73afa219d96', '40', '2021-01-18 13:47:47', '1');
INSERT INTO `admin_sm_lookup_dict` VALUES ('71f8e5c8a9894a6da119c68e4d399162', 'ENV_TYP', '系统环境类型', '87br87dcb83f4ab4b22d5fee13iec056', '公共参数', '65b9e2495afa11eb90c6b888e3debd7c', '0003', '核心系统-准生产', NULL, NULL, 'ecd20f1d26b2449fb763b73afa219d96', '40', '2021-01-18 13:47:47', '1');
INSERT INTO `admin_sm_lookup_dict` VALUES ('7256b47bee4945a0a0b5b72e8ce67ea3', 'LOG_TYPE', '日志类型', '87br87dcb83f4ab4b22d5fee13iec056', '公共参数', '65b9e5105afa11eb90c6b888e3debd7c', '1', '操作用户', NULL, NULL, 'ecd20f1d26b2449fb763b73afa219d96', 'admin', '2021-01-18 13:47:47', '1');
INSERT INTO `admin_sm_lookup_dict` VALUES ('726f645b28474ea58ad31064a550eefd', 'RANK_LEVEL', '职级', '87br87dcb83f4ab4b22d5fee13iec056', '公共参数', '65b9dae55afa11eb90c6b888e3debd7c', '04', '普通员工', NULL, NULL, 'ecd20f1d26b2449fb763b73afa219d96', '40', '2021-01-18 13:47:47', '1');
INSERT INTO `admin_sm_lookup_dict` VALUES ('74847d1f063c4639be5e8efc8196501a', 'GLUE_TYPE', '运行模式', '87br87dcb83f4ab4b22d5fee13iec056', '公共参数', '65b9e2d55afa11eb90c6b888e3debd7c', 'BEAN', 'BEAN模式', 'BEAN模式', NULL, 'ecd20f1d26b2449fb763b73afa219d96', '40', '2021-01-18 13:47:47', '1');
INSERT INTO `admin_sm_lookup_dict` VALUES ('74d2d1fe3fb742e08f89d25d0f4bcd0c', 'RANK_LEVEL', '职级', '87br87dcb83f4ab4b22d5fee13iec056', '公共参数', '65b9dae55afa11eb90c6b888e3debd7c', '02', '中层领导', NULL, NULL, 'ecd20f1d26b2449fb763b73afa219d96', '40', '2021-01-18 13:47:47', '1');
INSERT INTO `admin_sm_lookup_dict` VALUES ('750af05f329c41f1ab989d3019ed675e', 'ZB_BIZ_CATE', '申请类型', '87br87dcb83f4ab4b22d5fee13iec056', '公共参数', '65b9e59b5afa11eb90c6b888e3debd7c', 'aaaa', 'aaaa', NULL, NULL, 'ecd20f1d26b2449fb763b73afa219d96', '40', '2021-01-18 13:47:47', '1');
INSERT INTO `admin_sm_lookup_dict` VALUES ('7a50e29b90ed4b4892b94313880c932b', 'AUTHOBJ_TYPE', '授权对象类型', '87br87dcb83f4ab4b22d5fee13iec056', '公共参数', '65b9e97d5afa11eb90c6b888e3debd7c', 'R', '角色', NULL, NULL, 'ecd20f1d26b2449fb763b73afa219d96', 'admin', '2021-01-18 13:47:47', '1');
INSERT INTO `admin_sm_lookup_dict` VALUES ('7c35636424804a909e8150f8b7aa7df7', 'HIGHEST_EDU', '学历', '87br87dcb83f4ab4b22d5fee13iec056', '公共参数', '65b9dc6f5afa11eb90c6b888e3debd7c', '07', '技术学校', NULL, NULL, 'ecd20f1d26b2449fb763b73afa219d96', '40', '2021-01-18 13:47:47', '1');
INSERT INTO `admin_sm_lookup_dict` VALUES ('7cd20aa8c0644752b12de527a5070ef6', 'HIGHEST_EDU', '学历', '87br87dcb83f4ab4b22d5fee13iec056', '公共参数', '65b9dc6f5afa11eb90c6b888e3debd7c', '05', '大学专科/电大', NULL, NULL, 'ecd20f1d26b2449fb763b73afa219d96', '40', '2021-01-18 13:47:47', '1');
INSERT INTO `admin_sm_lookup_dict` VALUES ('7eadf94c91144aafba1dc16521366aa6', 'ZB_BIZ_CATE', '申请类型', '87br87dcb83f4ab4b22d5fee13iec056', '公共参数', '65b9e59b5afa11eb90c6b888e3debd7c', 'test', 'test', NULL, NULL, 'ecd20f1d26b2449fb763b73afa219d96', '40', '2021-01-18 13:47:47', '1');
INSERT INTO `admin_sm_lookup_dict` VALUES ('83ae2b1e20ff40eaa6d6cbd2882a632f', 'YESNO', '是否', '87br87dcb83f4ab4b22d5fee13iec056', '公共参数', '65b9bca65afa11eb90c6b888e3debd7c', 'Y', '是', NULL, NULL, 'ecd20f1d26b2449fb763b73afa219d96', '40', '2021-01-18 13:47:47', '1');
INSERT INTO `admin_sm_lookup_dict` VALUES ('8449f102085649d6bb05698ce45bb1e3', 'CHANNEL_FLAG', '渠道标识', '87br87dcb83f4ab4b22d5fee13iec056', '公共参数', '65b9deba5afa11eb90c6b888e3debd7c', 'PAD', 'PAD', NULL, NULL, 'ecd20f1d26b2449fb763b73afa219d96', '40', '2021-01-18 13:47:47', '1');
INSERT INTO `admin_sm_lookup_dict` VALUES ('84ad88104979499c8135b96a01b6f5e9', 'ZB_BIZ_CATE', '申请类型', '87br87dcb83f4ab4b22d5fee13iec056', '公共参数', '65b9e59b5afa11eb90c6b888e3debd7c', 'APPLDEMO02', '条件单选流程申请', NULL, NULL, 'ecd20f1d26b2449fb763b73afa219d96', '40', '2021-01-18 13:47:47', '1');
INSERT INTO `admin_sm_lookup_dict` VALUES ('866af402ef4b441ab451527b8b787f24', 'SEX_TYPE', '性别', '87br87dcb83f4ab4b22d5fee13iec056', '公共参数', '65b9e4845afa11eb90c6b888e3debd7c', '99', '未知', NULL, NULL, 'ecd20f1d26b2449fb763b73afa219d96', '40', '2021-01-18 13:47:47', '1');
INSERT INTO `admin_sm_lookup_dict` VALUES ('878b022bab934b9183ba92dfa20d0131', 'LOG_TYPE', '日志类型', '87br87dcb83f4ab4b22d5fee13iec056', '公共参数', '65b9e5105afa11eb90c6b888e3debd7c', '6', '记录操作日志', NULL, NULL, 'ecd20f1d26b2449fb763b73afa219d96', 'admin', '2021-01-18 13:47:47', '1');
INSERT INTO `admin_sm_lookup_dict` VALUES ('87br87dcb83f4ab4b22d5fee13iec056', 'COMMON_PARAM', '公共参数', '-1', '-1', 'COMMON_INIT_PARAM', 'COMMON_PARAM', '公共参数', NULL, 1, NULL, '40', '2021-01-15 17:20:03', '1');
INSERT INTO `admin_sm_lookup_dict` VALUES ('87br87dcb83f4ab4b23d5fee14iec057', 'SYSTEM_MANAGE', '系统管理', '-1', '-1', 'COMMON_INIT_PARAM', 'SYSTEM_MANAGE', '系统管理', NULL, 2, NULL, '40', '2021-01-15 17:20:03', '1');
INSERT INTO `admin_sm_lookup_dict` VALUES ('89bb88dcb82f4ab4b28d5fee07eec054', 'YESNO', '是否', '87br87dcb83f4ab4b22d5fee13iec056', '公共参数', '65b9bca65afa11eb90c6b888e3debd7c', 'N', '否', NULL, NULL, 'ecd20f1d26b2449fb763b73afa219d96', '40', '2021-01-18 13:47:47', '1');
INSERT INTO `admin_sm_lookup_dict` VALUES ('8d16f30ffcb746039296259286b536c3', 'RANK_LEVEL', '职级', '87br87dcb83f4ab4b22d5fee13iec056', '公共参数', '65b9dae55afa11eb90c6b888e3debd7c', '02', '中层领导', NULL, NULL, 'ecd20f1d26b2449fb763b73afa219d96', '40', '2021-01-18 13:47:47', '1');
INSERT INTO `admin_sm_lookup_dict` VALUES ('8f40453306184aca9714d2eb72c4da93', 'DEBUG_STS', '调试状态', '87br87dcb83f4ab4b22d5fee13iec056', '公共参数', '65b9e8ed5afa11eb90c6b888e3debd7c', '0', '失败', '挡板接口平台-勿删', NULL, 'ecd20f1d26b2449fb763b73afa219d96', '40', '2021-01-18 13:47:47', '1');
INSERT INTO `admin_sm_lookup_dict` VALUES ('8f4c0d1416c94b988f1456decc77fe6d', 'IDENT_TYPE', '证件类型', '87br87dcb83f4ab4b22d5fee13iec056', '公共参数', '65b9e73e5afa11eb90c6b888e3debd7c', 'F', '境外居民护照', NULL, NULL, 'ecd20f1d26b2449fb763b73afa219d96', 'admin', '2021-01-18 13:47:47', '1');
INSERT INTO `admin_sm_lookup_dict` VALUES ('8fadec637b994e74948f416271c24e4e', 'AUTHOBJ_TYPE', '授权对象类型', '87br87dcb83f4ab4b22d5fee13iec056', '公共参数', '65b9e97d5afa11eb90c6b888e3debd7c', 'test', '测试', '测试', NULL, 'ecd20f1d26b2449fb763b73afa219d96', 'admin', '2021-01-18 13:47:47', '1');
INSERT INTO `admin_sm_lookup_dict` VALUES ('93dc61783ca442949ff39a51a60262a3', 'ROUTE_STRATEGY', '路由策略', '87br87dcb83f4ab4b22d5fee13iec056', '公共参数', '65b9bf235afa11eb90c6b888e3debd7c', 'LEAST_RECENTLY_USED', '最近最久未使用', '最近最久未使用', NULL, 'ecd20f1d26b2449fb763b73afa219d96', '40', '2021-01-18 13:47:47', '1');
INSERT INTO `admin_sm_lookup_dict` VALUES ('9538cc3734134d4d98f84c8f5bdda356', 'ROUTE_STRATEGY', '路由策略', '87br87dcb83f4ab4b22d5fee13iec056', '公共参数', '65b9bf235afa11eb90c6b888e3debd7c', 'ROUND', '轮询', '轮询', NULL, 'ecd20f1d26b2449fb763b73afa219d96', '40', '2021-01-18 13:47:47', '1');
INSERT INTO `admin_sm_lookup_dict` VALUES ('9551b268f914410f921a777cb7e1331b', 'HIGHEST_EDU', '学历', '87br87dcb83f4ab4b22d5fee13iec056', '公共参数', '65b9dc6f5afa11eb90c6b888e3debd7c', '06', '中专', NULL, NULL, 'ecd20f1d26b2449fb763b73afa219d96', '40', '2021-01-18 13:47:47', '1');
INSERT INTO `admin_sm_lookup_dict` VALUES ('977ee19839bf4360ae2e98d39ea2db7b', 'BLOCK_STRATEGY', '阻塞处理策略', '87br87dcb83f4ab4b22d5fee13iec056', '公共参数', '65b9e08e5afa11eb90c6b888e3debd7c', 'SERIAL_EXECUTION', '单机串行', '单机串行', NULL, 'ecd20f1d26b2449fb763b73afa219d96', '40', '2021-01-18 13:47:47', '1');
INSERT INTO `admin_sm_lookup_dict` VALUES ('978cfc2379134fde845fee8d19d98b58', 'DATASET_TYP', '数据集类型', '87br87dcb83f4ab4b22d5fee13iec056', '公共参数', '65b9ea085afa11eb90c6b888e3debd7c', '0', '业务模板', NULL, NULL, 'ecd20f1d26b2449fb763b73afa219d96', '40', '2021-01-18 13:47:47', '1');
INSERT INTO `admin_sm_lookup_dict` VALUES ('97fa04b0c1e047d3b9901305e1d15b9f', 'CHANNEL_AUTH_TYPE', '渠道认证方式', '87br87dcb83f4ab4b22d5fee13iec056', '公共参数', '65b9dff65afa11eb90c6b888e3debd7c', '03', '刷脸认证', NULL, NULL, 'ecd20f1d26b2449fb763b73afa219d96', '40', '2021-01-18 13:47:47', '1');
INSERT INTO `admin_sm_lookup_dict` VALUES ('987810de22b5472ebf905047b36f81cf', 'LOG_TYPE', '日志类型', '87br87dcb83f4ab4b22d5fee13iec056', '公共参数', '65b9e5105afa11eb90c6b888e3debd7c', '8', '访问报表', NULL, NULL, 'ecd20f1d26b2449fb763b73afa219d96', 'admin', '2021-01-18 13:47:47', '1');
INSERT INTO `admin_sm_lookup_dict` VALUES ('9e918753d2fc401789ad592e506de62d', 'CHANNEL_FLAG', '渠道标识', '87br87dcb83f4ab4b22d5fee13iec056', '公共参数', '65b9deba5afa11eb90c6b888e3debd7c', 'MOBILE', '手机', NULL, NULL, 'ecd20f1d26b2449fb763b73afa219d96', '40', '2021-01-18 13:47:47', '1');
INSERT INTO `admin_sm_lookup_dict` VALUES ('a0592ab9a9c240fb8004bf77fa924a4e', 'MY_SEX', '测试性别', '87br87dcb83f4ab4b22d5fee13iec056', '公共参数', '65b9dd975afa11eb90c6b888e3debd7c', '1', '男', NULL, NULL, 'ecd20f1d26b2449fb763b73afa219d96', '40', '2021-01-18 13:47:47', '1');
INSERT INTO `admin_sm_lookup_dict` VALUES ('a0bb51ce3773426ba341fca0f0a11fdc', 'CHANNEL_EXCLUSIVE_RULE', '渠道互斥策略', '87br87dcb83f4ab4b22d5fee13iec056', '公共参数', '65b9df465afa11eb90c6b888e3debd7c', '02', '单渠道互斥，多渠道不互斥', '单渠道互斥，多渠道不互斥。 每个渠道只能在线一个', NULL, 'ecd20f1d26b2449fb763b73afa219d96', '40', '2021-01-18 13:47:47', '1');
INSERT INTO `admin_sm_lookup_dict` VALUES ('a1bfca8cc597452ab4d5dc5fc4e23128', 'IS_REQ', '是否必填', '87br87dcb83f4ab4b22d5fee13iec056', '公共参数', '65b9de265afa11eb90c6b888e3debd7c', '2', ' ', '不确定', NULL, 'ecd20f1d26b2449fb763b73afa219d96', '56e0d3a51c8646adba4bb0fd4428408d', '2021-01-18 13:47:47', '1');
INSERT INTO `admin_sm_lookup_dict` VALUES ('a1de2d897c184790833aa254b7e662cc', 'ZB_BIZ_CATE', '申请类型', '87br87dcb83f4ab4b22d5fee13iec056', '公共参数', '65b9e59b5afa11eb90c6b888e3debd7c', 'TEST', '测试流程', NULL, NULL, 'ecd20f1d26b2449fb763b73afa219d96', '40', '2021-01-18 13:47:47', '1');
INSERT INTO `admin_sm_lookup_dict` VALUES ('a5209c17eb4444cd8f0bb54fff9c4f4b', 'COMM_TYPE', '通信类型', '87br87dcb83f4ab4b22d5fee13iec056', '公共参数', '65b9e6275afa11eb90c6b888e3debd7c', '2', 'MQ', NULL, NULL, 'ecd20f1d26b2449fb763b73afa219d96', '40', '2021-01-18 13:47:47', '1');
INSERT INTO `admin_sm_lookup_dict` VALUES ('aabd095982bc4f9cbf6f39946d133e5b', 'PROJECT_STS', '项目状态', '87br87dcb83f4ab4b22d5fee13iec056', '公共参数', '65b9e3655afa11eb90c6b888e3debd7c', '3', '执行', NULL, NULL, 'ecd20f1d26b2449fb763b73afa219d96', '40', '2021-01-18 13:47:47', '1');
INSERT INTO `admin_sm_lookup_dict` VALUES ('ab6d7070db4b4602800aa4b2fffd8b0a', 'HIGHEST_EDU', '学历', '87br87dcb83f4ab4b22d5fee13iec056', '公共参数', '65b9dc6f5afa11eb90c6b888e3debd7c', '04', '大学本科', NULL, NULL, 'ecd20f1d26b2449fb763b73afa219d96', '40', '2021-01-18 13:47:47', '1');
INSERT INTO `admin_sm_lookup_dict` VALUES ('abb27c59064d44b38014ef510699b809', 'GLUE_TYPE', '运行模式', '87br87dcb83f4ab4b22d5fee13iec056', '公共参数', '65b9e2d55afa11eb90c6b888e3debd7c', 'GLUE_PYTHON', 'GLUE模式（Phthon）', 'GLUE模式（Phthon）', NULL, 'ecd20f1d26b2449fb763b73afa219d96', '40', '2021-01-18 13:47:47', '1');
INSERT INTO `admin_sm_lookup_dict` VALUES ('abb70213865745debcb02f26d1b40cbc', 'ROUTE_STRATEGY', '路由策略', '87br87dcb83f4ab4b22d5fee13iec056', '公共参数', '65b9bf235afa11eb90c6b888e3debd7c', 'CONSISTENT_HASH', '一致性HASH', '一致性HASH', NULL, 'ecd20f1d26b2449fb763b73afa219d96', '40', '2021-01-18 13:47:47', '1');
INSERT INTO `admin_sm_lookup_dict` VALUES ('ad8f72fac5c14bea9106b72c4a60c627', 'MESSAGE_TYPE', '消息类别', '87br87dcb83f4ab4b22d5fee13iec056', '公共参数', '65b9dbd35afa11eb90c6b888e3debd7c', 'DBERR', '数据库错误提示', NULL, NULL, 'ecd20f1d26b2449fb763b73afa219d96', 'admin', '2021-01-18 13:47:47', '1');
INSERT INTO `admin_sm_lookup_dict` VALUES ('b14d4c8a28014adc81fa3d2298c62101', 'ACTION_TYPE', '认证执行方式', '87br87dcb83f4ab4b22d5fee13iec056', '公共参数', '65b9e7ce5afa11eb90c6b888e3debd7c', '1', '冻结用户', '冻结用户', 1, 'ecd20f1d26b2449fb763b73afa219d96', '40', '2021-01-18 13:47:47', '1');
INSERT INTO `admin_sm_lookup_dict` VALUES ('b1f346667b254ff3a6ae0bfd9e931e11', 'ZB_BIZ_CATE', '申请类型', '87br87dcb83f4ab4b22d5fee13iec056', '公共参数', '65b9e59b5afa11eb90c6b888e3debd7c', 'APPLDEMO05', '项目池流程申请', NULL, NULL, 'ecd20f1d26b2449fb763b73afa219d96', '40', '2021-01-18 13:47:47', '1');
INSERT INTO `admin_sm_lookup_dict` VALUES ('b27a327d29994df5bc476b61ed114a92', 'DATA_STS', '数据状态', '87br87dcb83f4ab4b22d5fee13iec056', '公共参数', '65b9c0295afa11eb90c6b888e3debd7c', 'W', '待生效', '正式数据，请勿删除', 3, 'ecd20f1d26b2449fb763b73afa219d96', '40', '2021-01-18 13:47:47', '1');
INSERT INTO `admin_sm_lookup_dict` VALUES ('b29a4c1805ae4a5eb06a7e76d14075fa', 'HIGHEST_EDU', '学历', '87br87dcb83f4ab4b22d5fee13iec056', '公共参数', '65b9dc6f5afa11eb90c6b888e3debd7c', '10', '小学', NULL, NULL, 'ecd20f1d26b2449fb763b73afa219d96', '40', '2021-01-18 13:47:47', '1');
INSERT INTO `admin_sm_lookup_dict` VALUES ('b362540fb9774419abfc916c869aa03c', 'GLUE_TYPE', '运行模式', '87br87dcb83f4ab4b22d5fee13iec056', '公共参数', '65b9e2d55afa11eb90c6b888e3debd7c', 'GLUE_NODEJS', 'GLUE模式（Nodejs）', 'GLUE模式（Nodejs）', NULL, 'ecd20f1d26b2449fb763b73afa219d96', '40', '2021-01-18 13:47:47', '1');
INSERT INTO `admin_sm_lookup_dict` VALUES ('b750780a4e53454bb4ca6db585e2cdf1', 'ZB_BIZ_CATE', '申请类型', '87br87dcb83f4ab4b22d5fee13iec056', '公共参数', '65b9e59b5afa11eb90c6b888e3debd7c', 'CHUNYOUZOUYZ', '春游走一遭', NULL, NULL, 'ecd20f1d26b2449fb763b73afa219d96', '40', '2021-01-18 13:47:47', '1');
INSERT INTO `admin_sm_lookup_dict` VALUES ('b7509d9cd329440998e346ebcb662a56', 'HTTP_METHOD_TYPE', 'HTTP方法', '87br87dcb83f4ab4b22d5fee13iec056', '公共参数', '65b9e1b65afa11eb90c6b888e3debd7c', 'POST', 'POST', NULL, NULL, 'ecd20f1d26b2449fb763b73afa219d96', '40', '2021-01-18 13:47:47', '1');
INSERT INTO `admin_sm_lookup_dict` VALUES ('b8f6c7e98acc4d5ca103aed88f6cc03b', 'AUTHOBJ_TYPE', '授权对象类型', '87br87dcb83f4ab4b22d5fee13iec056', '公共参数', '65b9e97d5afa11eb90c6b888e3debd7c', 'U', '用户', NULL, NULL, 'ecd20f1d26b2449fb763b73afa219d96', 'admin', '2021-01-18 13:47:47', '1');
INSERT INTO `admin_sm_lookup_dict` VALUES ('ba831aeb761843bf8a61ac87284fbf00', 'MESSAGE_LEVEL', '信息级别', '87br87dcb83f4ab4b22d5fee13iec056', '公共参数', '65b9e1225afa11eb90c6b888e3debd7c', 'error', '错误', NULL, NULL, 'ecd20f1d26b2449fb763b73afa219d96', 'admin', '2021-01-18 13:47:47', '1');
INSERT INTO `admin_sm_lookup_dict` VALUES ('bb4aea0b02c94a9784ce23167db1883c', 'LOGIC_SYS_EXCLUSIVE_RULE', '逻辑系统互斥登录策略', '87br87dcb83f4ab4b22d5fee13iec056', '公共参数', '65b9e3f45afa11eb90c6b888e3debd7c', '01', '单逻辑系统互斥，多逻辑系统互斥', '单逻辑系统互斥，多逻辑系统互斥。所有渠道只能在线一个', NULL, 'ecd20f1d26b2449fb763b73afa219d96', '40', '2021-01-18 13:47:47', '1');
INSERT INTO `admin_sm_lookup_dict` VALUES ('bbb9266cddca42f8a6a160719c39a25e', 'SEX_TYPE', '性别', '87br87dcb83f4ab4b22d5fee13iec056', '公共参数', '65b9e4845afa11eb90c6b888e3debd7c', '1', '男', NULL, NULL, 'ecd20f1d26b2449fb763b73afa219d96', '40', '2021-01-18 13:47:47', '1');
INSERT INTO `admin_sm_lookup_dict` VALUES ('bc1911ddfcdd4e3ba44b0454ed3cb210', 'FAIL_STRATEGY', '失败处理策略', '87br87dcb83f4ab4b22d5fee13iec056', '公共参数', '65b9e6b25afa11eb90c6b888e3debd7c', 'FAIL_RETRY', '失败重试', '失败重试', NULL, 'ecd20f1d26b2449fb763b73afa219d96', '40', '2021-01-18 13:47:47', '1');
INSERT INTO `admin_sm_lookup_dict` VALUES ('bdd46f611c6b4242b3f1db8ef28368ae', 'EXEU_STS', '测试集执行状态', '87br87dcb83f4ab4b22d5fee13iec056', '公共参数', '65b9dd075afa11eb90c6b888e3debd7c', '3', '手动终止', '挡板接口平台-勿删', NULL, 'ecd20f1d26b2449fb763b73afa219d96', '40', '2021-01-18 13:47:47', '1');
INSERT INTO `admin_sm_lookup_dict` VALUES ('bf55701b7b7f457180f2e5bfe31e8139', 'RANK_LEVEL', '职级', '87br87dcb83f4ab4b22d5fee13iec056', '公共参数', '65b9dae55afa11eb90c6b888e3debd7c', '03', '基层领导', NULL, NULL, 'ecd20f1d26b2449fb763b73afa219d96', '40', '2021-01-18 13:47:47', '1');
INSERT INTO `admin_sm_lookup_dict` VALUES ('bf5e8b9f829b42b9af1188a628f842fb', 'CHANNEL_AUTH_TYPE', '渠道认证方式', '87br87dcb83f4ab4b22d5fee13iec056', '公共参数', '65b9dff65afa11eb90c6b888e3debd7c', '01', '密码认证', NULL, NULL, 'ecd20f1d26b2449fb763b73afa219d96', '40', '2021-01-18 13:47:47', '1');
INSERT INTO `admin_sm_lookup_dict` VALUES ('bfea7892aa5d461b8fa05bc18afaff62', 'JOB_GROUP', '执行器', '87br87dcb83f4ab4b22d5fee13iec056', '公共参数', '65b9c23f5afa11eb90c6b888e3debd7c', '1', '示例执行器', '示例执行器', NULL, 'ecd20f1d26b2449fb763b73afa219d96', '40', '2021-01-18 13:47:47', '1');
INSERT INTO `admin_sm_lookup_dict` VALUES ('c06977cf09b14535a5deb5f5ca970271', 'MY_SEX', '测试性别', '87br87dcb83f4ab4b22d5fee13iec056', '公共参数', '65b9dd975afa11eb90c6b888e3debd7c', '-1', '女', NULL, NULL, 'ecd20f1d26b2449fb763b73afa219d96', '40', '2021-01-18 13:47:47', '1');
INSERT INTO `admin_sm_lookup_dict` VALUES ('c10703280fde4477863c2a9acf493354', 'ENV_TYP', '系统环境类型', '87br87dcb83f4ab4b22d5fee13iec056', '公共参数', '65b9e2495afa11eb90c6b888e3debd7c', '0006', '信贷系统-准生产', NULL, NULL, 'ecd20f1d26b2449fb763b73afa219d96', '40', '2021-01-18 13:47:47', '1');
INSERT INTO `admin_sm_lookup_dict` VALUES ('c27fcda9eac64790b2a116345d41e8c5', 'MESSAGE_LEVEL', '信息级别', '87br87dcb83f4ab4b22d5fee13iec056', '公共参数', '65b9e1225afa11eb90c6b888e3debd7c', 'warning', '警告', NULL, NULL, 'ecd20f1d26b2449fb763b73afa219d96', 'admin', '2021-01-18 13:47:47', '1');
INSERT INTO `admin_sm_lookup_dict` VALUES ('c3581989c8a2453f978eb115a644143f', 'LOG_TYPE', '日志类型', '87br87dcb83f4ab4b22d5fee13iec056', '公共参数', '65b9e5105afa11eb90c6b888e3debd7c', '4', '按钮操作日志', NULL, NULL, 'ecd20f1d26b2449fb763b73afa219d96', 'admin', '2021-01-18 13:47:47', '1');
INSERT INTO `admin_sm_lookup_dict` VALUES ('c415c8de948241809bf4fd21d702c91c', 'TRIGGER_REGTYPE', '执行器注册方式', '87br87dcb83f4ab4b22d5fee13iec056', '公共参数', '65b9c0da5afa11eb90c6b888e3debd7c', '1', '手动注册', NULL, NULL, 'ecd20f1d26b2449fb763b73afa219d96', '40', '2021-01-18 13:47:47', '1');
INSERT INTO `admin_sm_lookup_dict` VALUES ('c537fc04ef2a41be8fd2e2d27733e9e7', 'EXEU_STS', '测试集执行状态', '87br87dcb83f4ab4b22d5fee13iec056', '公共参数', '65b9dd075afa11eb90c6b888e3debd7c', '1', '执行完毕', '挡板接口平台-勿删', NULL, 'ecd20f1d26b2449fb763b73afa219d96', '40', '2021-01-18 13:47:47', '1');
INSERT INTO `admin_sm_lookup_dict` VALUES ('cac5f02ce0b04fc89e9eb4f21bf7643d', 'IS_REQ', '是否必填', '87br87dcb83f4ab4b22d5fee13iec056', '公共参数', '65b9de265afa11eb90c6b888e3debd7c', '1', '是', '是否必填项-为是', NULL, 'ecd20f1d26b2449fb763b73afa219d96', '40', '2021-01-18 13:47:47', '1');
INSERT INTO `admin_sm_lookup_dict` VALUES ('caf438bd01614c3e91cbf329b9c6e2b8', 'ZB_BIZ_CATE', '申请类型', '87br87dcb83f4ab4b22d5fee13iec056', '公共参数', '65b9e59b5afa11eb90c6b888e3debd7c', 'POC', '上清所POC', NULL, NULL, 'ecd20f1d26b2449fb763b73afa219d96', '40', '2021-01-18 13:47:47', '1');
INSERT INTO `admin_sm_lookup_dict` VALUES ('ccc5fd1c6d534916a07bd2ec5a01ded6', 'IS_REQ', '是否必填', '87br87dcb83f4ab4b22d5fee13iec056', '公共参数', '65b9de265afa11eb90c6b888e3debd7c', '0', '否', '是否必填项-为否', NULL, 'ecd20f1d26b2449fb763b73afa219d96', '40', '2021-01-18 13:47:47', '1');
INSERT INTO `admin_sm_lookup_dict` VALUES ('cd99f136fa5e4b40b219159594a9a691', 'DATA_STS', '数据状态', '87br87dcb83f4ab4b22d5fee13iec056', '公共参数', '65b9c0295afa11eb90c6b888e3debd7c', 'I', '失效', '正式数据，请勿删除', 4, 'ecd20f1d26b2449fb763b73afa219d96', '40', '2021-01-18 13:47:47', '1');
INSERT INTO `admin_sm_lookup_dict` VALUES ('ce6c7f8bd18844f1bf2095bc0ea33db2', 'DEBUG_STS', '调试状态', '87br87dcb83f4ab4b22d5fee13iec056', '公共参数', '65b9e8ed5afa11eb90c6b888e3debd7c', '2', '未调试', '挡板接口平台-勿删', NULL, 'ecd20f1d26b2449fb763b73afa219d96', '40', '2021-01-18 13:47:47', '1');
INSERT INTO `admin_sm_lookup_dict` VALUES ('cf26d4a8141e4062ad6415a414292dff', 'PROJECT_STS', '项目状态', '87br87dcb83f4ab4b22d5fee13iec056', '公共参数', '65b9e3655afa11eb90c6b888e3debd7c', '1', '准备', NULL, NULL, 'ecd20f1d26b2449fb763b73afa219d96', '40', '2021-01-18 13:47:47', '1');
INSERT INTO `admin_sm_lookup_dict` VALUES ('COMMON_INIT_PARAM', 'COMMON_INIT_PARAM', '初始化字典参分类', '-1', '-1', '-1', 'COMMON_INIT_PARAM', '初始化字典参分类', '', 0, '', '40', '2021-01-15 17:20:03', '1');
INSERT INTO `admin_sm_lookup_dict` VALUES ('d56d521c8574422fb8d7ec9f920de0b4', 'AUTHOBJ_TYPE', '授权对象类型', '87br87dcb83f4ab4b22d5fee13iec056', '公共参数', '65b9e97d5afa11eb90c6b888e3debd7c', 'aaa', 'aaaaa', 'bbbbbbb', NULL, 'ecd20f1d26b2449fb763b73afa219d96', 'admin', '2021-01-18 13:47:47', '1');
INSERT INTO `admin_sm_lookup_dict` VALUES ('d5dc6d2ff10b451282eee261c76aef29', 'AUTHRES_TYPE', '授权资源类型', '87br87dcb83f4ab4b22d5fee13iec056', '公共参数', '65b9e8615afa11eb90c6b888e3debd7c', 'M', '菜单', NULL, NULL, 'ecd20f1d26b2449fb763b73afa219d96', 'admin', '2021-01-18 13:47:47', '1');
INSERT INTO `admin_sm_lookup_dict` VALUES ('d6328762617c4944ac8c6a8e525d99ec', 'IDENT_TYPE', '证件类型', '87br87dcb83f4ab4b22d5fee13iec056', '公共参数', '65b9e73e5afa11eb90c6b888e3debd7c', 'H', '境内企业名称核准号', NULL, NULL, 'ecd20f1d26b2449fb763b73afa219d96', 'admin', '2021-01-18 13:47:47', '1');
INSERT INTO `admin_sm_lookup_dict` VALUES ('d94a47b363fd478cad4df948569786fc', 'CHANNEL_EXCLUSIVE_RULE', '渠道互斥策略', '87br87dcb83f4ab4b22d5fee13iec056', '公共参数', '65b9df465afa11eb90c6b888e3debd7c', '01', '单渠道互斥,多渠道互斥', '单渠道互斥,多渠道互斥。所有渠道只能在线一个', NULL, 'ecd20f1d26b2449fb763b73afa219d96', '40', '2021-01-18 13:47:47', '1');
INSERT INTO `admin_sm_lookup_dict` VALUES ('db9ae5a4df934953b1b7fe732d3b9035', 'DATA_STS', '数据状态', '87br87dcb83f4ab4b22d5fee13iec056', '公共参数', '65b9c0295afa11eb90c6b888e3debd7c', 'A', '生效', NULL, 1, 'ecd20f1d26b2449fb763b73afa219d96', '40', '2021-01-18 13:47:47', '1');
INSERT INTO `admin_sm_lookup_dict` VALUES ('dc3266447d234ea3ac54857527e5016e', 'IDENT_TYPE', '证件类型', '87br87dcb83f4ab4b22d5fee13iec056', '公共参数', '65b9e73e5afa11eb90c6b888e3debd7c', 'B', '境外机构代码', NULL, NULL, 'ecd20f1d26b2449fb763b73afa219d96', 'admin', '2021-01-18 13:47:47', '1');
INSERT INTO `admin_sm_lookup_dict` VALUES ('de0cee3f145e4273b482d9f799fee6dd', 'LOG_TYPE', '日志类型', '87br87dcb83f4ab4b22d5fee13iec056', '公共参数', '65b9e5105afa11eb90c6b888e3debd7c', '10', '报表导出', NULL, NULL, 'ecd20f1d26b2449fb763b73afa219d96', 'admin', '2021-01-18 13:47:47', '1');
INSERT INTO `admin_sm_lookup_dict` VALUES ('de62dcf6fab74a3faec00a037c82e465', 'HIGHEST_EDU', '学历', '87br87dcb83f4ab4b22d5fee13iec056', '公共参数', '65b9dc6f5afa11eb90c6b888e3debd7c', '01', '博士后', NULL, NULL, 'ecd20f1d26b2449fb763b73afa219d96', '40', '2021-01-18 13:47:47', '1');
INSERT INTO `admin_sm_lookup_dict` VALUES ('e0db58c3bb4d4578a0815d236432ebcf', 'CASE_EXEU_STS', '测试用例执行状态', '87br87dcb83f4ab4b22d5fee13iec056', '公共参数', '65b9ea945afa11eb90c6b888e3debd7c', '0', '失败', '挡板接口平台-勿删', NULL, 'ecd20f1d26b2449fb763b73afa219d96', '313132fa5bee4a97a494642c14c4fa8d', '2021-01-18 13:47:47', '1');
INSERT INTO `admin_sm_lookup_dict` VALUES ('e19f0acb6dcc4aa791cff825e849f479', 'MESSAGE_TYPE', '消息类别', '87br87dcb83f4ab4b22d5fee13iec056', '公共参数', '65b9dbd35afa11eb90c6b888e3debd7c', 'MODULEINFO', '模块提示', '消息配置', NULL, 'ecd20f1d26b2449fb763b73afa219d96', 'admin', '2021-01-18 13:47:47', '1');
INSERT INTO `admin_sm_lookup_dict` VALUES ('e270cc94f52a4f7eb48800520a41c13a', 'IDENT_TYPE', '证件类型', '87br87dcb83f4ab4b22d5fee13iec056', '公共参数', '65b9e73e5afa11eb90c6b888e3debd7c', 'C', '境内居民身份证', NULL, NULL, 'ecd20f1d26b2449fb763b73afa219d96', 'admin', '2021-01-18 13:47:47', '1');
INSERT INTO `admin_sm_lookup_dict` VALUES ('e657cae2cfce42b58d0529a68a8cf7df', 'CHANNEL_AUTH_TYPE', '渠道认证方式', '87br87dcb83f4ab4b22d5fee13iec056', '公共参数', '65b9dff65afa11eb90c6b888e3debd7c', '02', '指纹认证', NULL, NULL, 'ecd20f1d26b2449fb763b73afa219d96', '40', '2021-01-18 13:47:47', '1');
INSERT INTO `admin_sm_lookup_dict` VALUES ('e75e608348ac4caa9a39db6133e0a6d3', 'CHANNEL_FLAG', '渠道标识', '87br87dcb83f4ab4b22d5fee13iec056', '公共参数', '65b9deba5afa11eb90c6b888e3debd7c', 'PC', 'PC', NULL, NULL, 'ecd20f1d26b2449fb763b73afa219d96', '40', '2021-01-18 13:47:47', '1');
INSERT INTO `admin_sm_lookup_dict` VALUES ('e865d75912c64e3a888fbb67cbe05486', 'LOG_TYPE', '日志类型', '87br87dcb83f4ab4b22d5fee13iec056', '公共参数', '65b9e5105afa11eb90c6b888e3debd7c', '3', '登录系统', NULL, NULL, 'ecd20f1d26b2449fb763b73afa219d96', '40', '2021-01-18 13:47:47', '1');
INSERT INTO `admin_sm_lookup_dict` VALUES ('e96b408a8b1c4482ace682341a67274f', 'ROUTE_STRATEGY', '路由策略', '87br87dcb83f4ab4b22d5fee13iec056', '公共参数', '65b9bf235afa11eb90c6b888e3debd7c', 'SHARDING_BROADCAST', '分片广播', '分片广播', NULL, 'ecd20f1d26b2449fb763b73afa219d96', '40', '2021-01-18 13:47:47', '1');
INSERT INTO `admin_sm_lookup_dict` VALUES ('ea036925abf449bebc453ba1160132c2', 'RANK_LEVEL', '职级', '87br87dcb83f4ab4b22d5fee13iec056', '公共参数', '65b9dae55afa11eb90c6b888e3debd7c', '01', '高层领导', NULL, NULL, 'ecd20f1d26b2449fb763b73afa219d96', '40', '2021-01-18 13:47:47', '1');
INSERT INTO `admin_sm_lookup_dict` VALUES ('ed0e440f80304d5da250bd4aec889819', 'EXEU_STS', '测试集执行状态', '87br87dcb83f4ab4b22d5fee13iec056', '公共参数', '65b9dd075afa11eb90c6b888e3debd7c', '4', '正在执行', '挡板接口平台-勿删', NULL, 'ecd20f1d26b2449fb763b73afa219d96', '40', '2021-01-18 13:47:47', '1');
INSERT INTO `admin_sm_lookup_dict` VALUES ('ef2472877d7a459583617a16bbdb3dc1', 'MESSAGE_TYPE', '消息类别', '87br87dcb83f4ab4b22d5fee13iec056', '公共参数', '65b9dbd35afa11eb90c6b888e3debd7c', 'COMINFO', '系统级通用提示', NULL, NULL, 'ecd20f1d26b2449fb763b73afa219d96', 'admin', '2021-01-18 13:47:47', '1');
INSERT INTO `admin_sm_lookup_dict` VALUES ('f0ccb7e539d44e0dac69e3cc64f8aa51', 'IDENT_TYPE', '证件类型', '87br87dcb83f4ab4b22d5fee13iec056', '公共参数', '65b9e73e5afa11eb90c6b888e3debd7c', 'E', '港澳居民身份证', NULL, NULL, 'ecd20f1d26b2449fb763b73afa219d96', 'admin', '2021-01-18 13:47:47', '1');
INSERT INTO `admin_sm_lookup_dict` VALUES ('f0d2f415c7914d32832eb25330ca50e7', 'ZB_BIZ_CATE', '申请类型', '87br87dcb83f4ab4b22d5fee13iec056', '公共参数', '65b9e59b5afa11eb90c6b888e3debd7c', 'APPLDEMO06', '同步子流程申请', NULL, NULL, 'ecd20f1d26b2449fb763b73afa219d96', '40', '2021-01-18 13:47:47', '1');
INSERT INTO `admin_sm_lookup_dict` VALUES ('f151fbec2bd64a77b882f3bdbb863e3f', 'COMM_TYPE', '通信类型', '87br87dcb83f4ab4b22d5fee13iec056', '公共参数', '65b9e6275afa11eb90c6b888e3debd7c', '1', 'HTTP类型', NULL, NULL, 'ecd20f1d26b2449fb763b73afa219d96', '40', '2021-01-18 13:47:47', '1');
INSERT INTO `admin_sm_lookup_dict` VALUES ('f1864526df0b49cfb65168d4a5bb5d23', 'ENV_STS', '环境状态', '87br87dcb83f4ab4b22d5fee13iec056', '公共参数', '65b9c1a75afa11eb90c6b888e3debd7c', 'I', '未启动', '挡板接口平台-勿删', NULL, 'ecd20f1d26b2449fb763b73afa219d96', '40', '2021-01-18 13:47:47', '1');
INSERT INTO `admin_sm_lookup_dict` VALUES ('f274229716d14857a92b692d11fd4fee', 'HIGHEST_EDU', '学历', '87br87dcb83f4ab4b22d5fee13iec056', '公共参数', '65b9dc6f5afa11eb90c6b888e3debd7c', '03', '硕士', NULL, NULL, 'ecd20f1d26b2449fb763b73afa219d96', '40', '2021-01-18 13:47:47', '1');
INSERT INTO `admin_sm_lookup_dict` VALUES ('fb1e3da0735f496b9f9fc4d26e7bf125', 'ACTION_TYPE', '认证执行方式', '87br87dcb83f4ab4b22d5fee13iec056', '公共参数', '65b9e7ce5afa11eb90c6b888e3debd7c', '3', '警告', '警告', 2, 'ecd20f1d26b2449fb763b73afa219d96', '40', '2021-01-18 13:47:47', '1');
INSERT INTO `admin_sm_lookup_dict` VALUES ('fbef87dd59c04f18a1d199d7a484028d', 'ZB_BIZ_CATE', '申请类型', '87br87dcb83f4ab4b22d5fee13iec056', '公共参数', '65b9e59b5afa11eb90c6b888e3debd7c', 'ZOUYZ', '走一遭申请', NULL, NULL, 'ecd20f1d26b2449fb763b73afa219d96', '40', '2021-01-18 13:47:47', '1');
INSERT INTO `admin_sm_lookup_dict` VALUES ('fcb17f8b92fa4e35bc1cc5a89ba5045d', 'EXEU_STS', '测试集执行状态', '87br87dcb83f4ab4b22d5fee13iec056', '公共参数', '65b9dd075afa11eb90c6b888e3debd7c', '2', '出错终止', '挡板接口平台-勿删', NULL, 'ecd20f1d26b2449fb763b73afa219d96', '40', '2021-01-18 13:47:47', '1');



-- ----------------------------
-- Records of admin_sm_lookup_dict_en_us
-- ----------------------------
INSERT INTO `admin_sm_lookup_dict_en_us` VALUES ('009c0e19db6d43d79253ab2de7ee77e8', 'ROUTE_STRATEGY', 'Routing Policy', '87br87dcb83f4ab4b22d5fee13iec056', 'Public parameters', '65b9bf235afa11eb90c6b888e3debd7c', 'BUSYOVER', 'Busy transfer', 'Busy transfer', NULL, 'ecd20f1d26b2449fb763b73afa219d96', '40', '2021-01-18 13:47:47', '1');
INSERT INTO `admin_sm_lookup_dict_en_us` VALUES ('0179c4047f6343eeb1d293d4f21eca8e', 'IDENT_TYPE', 'Type Of Certificate', '87br87dcb83f4ab4b22d5fee13iec056', 'Public parameters', '65b9e73e5afa11eb90c6b888e3debd7c', 'A', 'Domestic enterprise code', NULL, NULL, 'ecd20f1d26b2449fb763b73afa219d96', 'admin', '2021-01-18 13:47:47', '1');
INSERT INTO `admin_sm_lookup_dict_en_us` VALUES ('01a178c441924cac808001fafc45554d', 'GLUE_TYPE', 'Operating Mode', '87br87dcb83f4ab4b22d5fee13iec056', 'Public parameters', '65b9e2d55afa11eb90c6b888e3debd7c', 'GLUE_GROOVY', 'GLUE Mode', 'GLUE Mode', NULL, 'ecd20f1d26b2449fb763b73afa219d96', '40', '2021-01-18 13:47:47', '1');
INSERT INTO `admin_sm_lookup_dict_en_us` VALUES ('01b59f83ba784ca8a4a4470e2087cca2', 'LOGIC_SYS_EXCLUSIVE_RULE', 'Luójí xìtǒng hù chì dēnglù cèlüè\r\n10 / 5000\r\nTranslation results\r\nLogical system exclusive login strategy', '87br87dcb83f4ab4b22d5fee13iec056', 'Public parameters', '65b9e3f45afa11eb90c6b888e3debd7c', '02', 'Single logic system is mutually exclusive, and multiple logic systems are not mutually exclusive', 'Single logic system is mutually exclusive, and multiple logic systems are not mutually exclusive', NULL, 'ecd20f1d26b2449fb763b73afa219d96', '40', '2021-01-18 13:47:47', '1');
INSERT INTO `admin_sm_lookup_dict_en_us` VALUES ('048163a89781407a9426906e62260477', 'HIGHEST_EDU', 'Educational Background', '87br87dcb83f4ab4b22d5fee13iec056', 'Public parameters', '65b9dc6f5afa11eb90c6b888e3debd7c', '02', 'PhD', NULL, NULL, 'ecd20f1d26b2449fb763b73afa219d96', '40', '2021-01-18 13:47:47', '1');
INSERT INTO `admin_sm_lookup_dict_en_us` VALUES ('07ac4fd61da84b1aaca82ad654ee730c', 'ZB_BIZ_CATE', 'Application Type', '87br87dcb83f4ab4b22d5fee13iec056', 'Public parameters', '65b9e59b5afa11eb90c6b888e3debd7c', 'APPLDEMO04', 'Countersigning process application', NULL, NULL, 'ecd20f1d26b2449fb763b73afa219d96', '40', '2021-01-18 13:47:47', '1');
INSERT INTO `admin_sm_lookup_dict_en_us` VALUES ('07e5af6b568d42dd9781d0d1f70aa352', 'HIGHEST_EDU', 'Educational Background', '87br87dcb83f4ab4b22d5fee13iec056', 'Public parameters', '65b9dc6f5afa11eb90c6b888e3debd7c', '09', 'junior high school', NULL, NULL, 'ecd20f1d26b2449fb763b73afa219d96', '40', '2021-01-18 13:47:47', '1');
INSERT INTO `admin_sm_lookup_dict_en_us` VALUES ('0888b11ecc3941a4b772d72cef571ea1', 'PROJECT_STS', 'Project Status', '87br87dcb83f4ab4b22d5fee13iec056', 'Public parameters', '65b9e3655afa11eb90c6b888e3debd7c', '2', 'design', NULL, NULL, 'ecd20f1d26b2449fb763b73afa219d96', '40', '2021-01-18 13:47:47', '1');
INSERT INTO `admin_sm_lookup_dict_en_us` VALUES ('0a020e75ab5448f89ede6b9af19cc0c4', 'LOG_TYPE', 'Log Type', '87br87dcb83f4ab4b22d5fee13iec056', 'Public parameters', '65b9e5105afa11eb90c6b888e3debd7c', '2', 'Query data log', NULL, NULL, 'ecd20f1d26b2449fb763b73afa219d96', 'admin', '2021-01-18 13:47:47', '1');
INSERT INTO `admin_sm_lookup_dict_en_us` VALUES ('0b1a733be2d64932a6d7aa6ebcb5418a', 'ENV_STS', 'Environmental Status', '87br87dcb83f4ab4b22d5fee13iec056', 'Public parameters', '65b9c1a75afa11eb90c6b888e3debd7c', 'A', 'start up', 'Baffle interface platform-do not delete', NULL, 'ecd20f1d26b2449fb763b73afa219d96', '40', '2021-01-18 13:47:47', '1');
INSERT INTO `admin_sm_lookup_dict_en_us` VALUES ('0c97e1746128451185bc587ca3261e10', 'RANK_LEVEL', 'Rank', '87br87dcb83f4ab4b22d5fee13iec056', 'Public parameters', '65b9dae55afa11eb90c6b888e3debd7c', '03', 'Grassroots leadership', NULL, NULL, 'ecd20f1d26b2449fb763b73afa219d96', '40', '2021-01-18 13:47:47', '1');
INSERT INTO `admin_sm_lookup_dict_en_us` VALUES ('0daa27aff9ed495fb24e6aacd23fbf60', 'HIGHEST_EDU', 'Educational Background', '87br87dcb83f4ab4b22d5fee13iec056', 'Public parameters', '65b9dc6f5afa11eb90c6b888e3debd7c', '08', 'High school', NULL, NULL, 'ecd20f1d26b2449fb763b73afa219d96', '40', '2021-01-18 13:47:47', '1');
INSERT INTO `admin_sm_lookup_dict_en_us` VALUES ('1051636fffaf4cd882fcbbe8e952a862', 'ROUTE_STRATEGY', 'Routing Policy', '87br87dcb83f4ab4b22d5fee13iec056', 'Public parameters', '65b9bf235afa11eb90c6b888e3debd7c', 'FAILOVER', 'Failover', 'Failover', NULL, 'ecd20f1d26b2449fb763b73afa219d96', '40', '2021-01-18 13:47:47', '1');
INSERT INTO `admin_sm_lookup_dict_en_us` VALUES ('12e7b2e57ff14b988ca9dcb38edc8290', 'RANK_LEVEL', 'Rank', '87br87dcb83f4ab4b22d5fee13iec056', 'Public parameters', '65b9dae55afa11eb90c6b888e3debd7c', '01', 'Senior leadership', NULL, NULL, 'ecd20f1d26b2449fb763b73afa219d96', '40', '2021-01-18 13:47:47', '1');
INSERT INTO `admin_sm_lookup_dict_en_us` VALUES ('1425112138554c5183f58116d7adf056', 'HIGHEST_EDU', 'Educational Background', '87br87dcb83f4ab4b22d5fee13iec056', 'Public parameters', '65b9dc6f5afa11eb90c6b888e3debd7c', '99', 'other', NULL, NULL, 'ecd20f1d26b2449fb763b73afa219d96', '40', '2021-01-18 13:47:47', '1');
INSERT INTO `admin_sm_lookup_dict_en_us` VALUES ('1603d5571ea445a78c714991d4e57b1c', 'TRIGGER_REGTYPE', 'Actuator registration method', '87br87dcb83f4ab4b22d5fee13iec056', 'Public parameters', '65b9c0da5afa11eb90c6b888e3debd7c', '0', 'Automatic registration', NULL, NULL, 'ecd20f1d26b2449fb763b73afa219d96', '40', '2021-01-18 13:47:47', '1');
INSERT INTO `admin_sm_lookup_dict_en_us` VALUES ('16b4a23c54514200b1faaf1ee8300d81', 'RANK_LEVEL', 'Rank', '87br87dcb83f4ab4b22d5fee13iec056', 'Public parameters', '65b9dae55afa11eb90c6b888e3debd7c', '04', 'General staff', NULL, NULL, 'ecd20f1d26b2449fb763b73afa219d96', '40', '2021-01-18 13:47:47', '1');
INSERT INTO `admin_sm_lookup_dict_en_us` VALUES ('16ebe682a62a4feabc13d4994694febb', 'ZB_BIZ_CATE', 'Application Type', '87br87dcb83f4ab4b22d5fee13iec056', 'Public parameters', '65b9e59b5afa11eb90c6b888e3debd7c', 'peixun2', 'Training 2222', NULL, NULL, 'ecd20f1d26b2449fb763b73afa219d96', '40', '2021-01-18 13:47:47', '1');
INSERT INTO `admin_sm_lookup_dict_en_us` VALUES ('188c1a277e3d40d3a96aa7933ea15509', 'ENV_TYP', 'System environment type', '87br87dcb83f4ab4b22d5fee13iec056', 'Public parameters', '65b9e2495afa11eb90c6b888e3debd7c', '0001', 'Core System-Development', NULL, NULL, 'ecd20f1d26b2449fb763b73afa219d96', '40', '2021-01-18 13:47:47', '1');
INSERT INTO `admin_sm_lookup_dict_en_us` VALUES ('2090bc7d1eae40c6b909eaa76ef4e561', 'EXEU_STS', 'Test set execution status', '87br87dcb83f4ab4b22d5fee13iec056', 'Public parameters', '65b9dd075afa11eb90c6b888e3debd7c', '5', 'Waiting for execution', 'Baffle interface platform-do not delete', NULL, 'ecd20f1d26b2449fb763b73afa219d96', '40', '2021-01-18 13:47:47', '1');
INSERT INTO `admin_sm_lookup_dict_en_us` VALUES ('20fda712df5043d699e8a8472b549e62', 'AUTHRES_TYPE', 'Authorized resource type', '87br87dcb83f4ab4b22d5fee13iec056', 'Public parameters', '65b9e8615afa11eb90c6b888e3debd7c', 'D', 'data permission', NULL, NULL, 'ecd20f1d26b2449fb763b73afa219d96', 'admin', '2021-01-18 13:47:47', '1');
INSERT INTO `admin_sm_lookup_dict_en_us` VALUES ('217eb938c3e541879e11afc9f0468b7d', 'ZB_BIZ_CATE', 'Application Type', '87br87dcb83f4ab4b22d5fee13iec056', 'Public parameters', '65b9e59b5afa11eb90c6b888e3debd7c', 'YPRK', 'Collateral storage process', NULL, NULL, 'ecd20f1d26b2449fb763b73afa219d96', '40', '2021-01-18 13:47:47', '1');
INSERT INTO `admin_sm_lookup_dict_en_us` VALUES ('22adb539b36a4238a4e0db65096737b7', 'DEBUG_STS', 'Debug status', '87br87dcb83f4ab4b22d5fee13iec056', 'Public parameters', '65b9e8ed5afa11eb90c6b888e3debd7c', '1', 'pass', 'Baffle interface platform-do not delete', NULL, 'ecd20f1d26b2449fb763b73afa219d96', '40', '2021-01-18 13:47:47', '1');
INSERT INTO `admin_sm_lookup_dict_en_us` VALUES ('258359f35d9c4c77a0d405bb297664ad', 'ZB_BIZ_CATE', 'Application Type', '87br87dcb83f4ab4b22d5fee13iec056', 'Public parameters', '65b9e59b5afa11eb90c6b888e3debd7c', 'APPLDEMO03', 'Multiple choice process application', NULL, NULL, 'ecd20f1d26b2449fb763b73afa219d96', '40', '2021-01-18 13:47:47', '1');
INSERT INTO `admin_sm_lookup_dict_en_us` VALUES ('2588f6a4b9fc41f6b897d9c0da1bcc3a', 'MESSAGE_LEVEL', 'Information level', '87br87dcb83f4ab4b22d5fee13iec056', 'Public parameters', '65b9e1225afa11eb90c6b888e3debd7c', 'info', 'information', NULL, NULL, 'ecd20f1d26b2449fb763b73afa219d96', 'admin', '2021-01-18 13:47:47', '1');
INSERT INTO `admin_sm_lookup_dict_en_us` VALUES ('2bba99e3611d40a9af1267c1d4876424', 'ENV_TYP', 'System environment type', '87br87dcb83f4ab4b22d5fee13iec056', 'Public parameters', '65b9e2495afa11eb90c6b888e3debd7c', '0005', 'Credit System-Testing', NULL, NULL, 'ecd20f1d26b2449fb763b73afa219d96', '40', '2021-01-18 13:47:47', '1');
INSERT INTO `admin_sm_lookup_dict_en_us` VALUES ('2c0528177b3f430e859132420cec75a3', 'ROUTE_STRATEGY', 'Routing Policy', '87br87dcb83f4ab4b22d5fee13iec056', 'Public parameters', '65b9bf235afa11eb90c6b888e3debd7c', 'FIRST', 'First', 'First', NULL, 'ecd20f1d26b2449fb763b73afa219d96', '40', '2021-01-18 13:47:47', '1');
INSERT INTO `admin_sm_lookup_dict_en_us` VALUES ('32c791ad58014156b642d006c8908cc8', 'ENV_TYP', 'System environment type', '87br87dcb83f4ab4b22d5fee13iec056', 'Public parameters', '65b9e2495afa11eb90c6b888e3debd7c', '0002', 'Core System-Test', NULL, NULL, 'ecd20f1d26b2449fb763b73afa219d96', '40', '2021-01-18 13:47:47', '1');
INSERT INTO `admin_sm_lookup_dict_en_us` VALUES ('32d391e152c8461297d05f5feda55308', 'ZB_BIZ_CATE', 'Application Type', '87br87dcb83f4ab4b22d5fee13iec056', 'Public parameters', '65b9e59b5afa11eb90c6b888e3debd7c', 'APPLDEMO07', 'Asynchronous sub-process application', NULL, NULL, 'ecd20f1d26b2449fb763b73afa219d96', '40', '2021-01-18 13:47:47', '1');
INSERT INTO `admin_sm_lookup_dict_en_us` VALUES ('33a2e2e565b84a6f8cbe163b7d45201f', 'PROJECT_STS', 'Project Status', '87br87dcb83f4ab4b22d5fee13iec056', 'Public parameters', '65b9e3655afa11eb90c6b888e3debd7c', '4', 'End', NULL, NULL, 'ecd20f1d26b2449fb763b73afa219d96', '40', '2021-01-18 13:47:47', '1');
INSERT INTO `admin_sm_lookup_dict_en_us` VALUES ('3927a7a0c26a4c38b674d2252d052f6e', 'ENV_TYP', 'System environment type', '87br87dcb83f4ab4b22d5fee13iec056', 'Public parameters', '65b9e2495afa11eb90c6b888e3debd7c', '0004', 'Credit System-Development', NULL, NULL, 'ecd20f1d26b2449fb763b73afa219d96', '40', '2021-01-18 13:47:47', '1');
INSERT INTO `admin_sm_lookup_dict_en_us` VALUES ('3b9f92a5e70647f8bd8425d613b9c22c', 'ROUTE_STRATEGY', 'Routing Policy', '87br87dcb83f4ab4b22d5fee13iec056', 'Public parameters', '65b9bf235afa11eb90c6b888e3debd7c', 'RANDOM', 'random', 'random', NULL, 'ecd20f1d26b2449fb763b73afa219d96', '40', '2021-01-18 13:47:47', '1');
INSERT INTO `admin_sm_lookup_dict_en_us` VALUES ('3de83372f5e147708fa043df0edb3ee6', 'HIGHEST_EDU', 'Educational Background', '87br87dcb83f4ab4b22d5fee13iec056', 'Public parameters', '65b9dc6f5afa11eb90c6b888e3debd7c', '11', 'Illiterate or semi-literate', NULL, NULL, 'ecd20f1d26b2449fb763b73afa219d96', '40', '2021-01-18 13:47:47', '1');
INSERT INTO `admin_sm_lookup_dict_en_us` VALUES ('3effc15137b54765979d31c9c23f79b5', 'BLOCK_STRATEGY', 'Blocking strategy', '87br87dcb83f4ab4b22d5fee13iec056', 'Public parameters', '65b9e08e5afa11eb90c6b888e3debd7c', 'DISCARD_LATER', 'Discard subsequent scheduling', 'Discard subsequent scheduling', NULL, 'ecd20f1d26b2449fb763b73afa219d96', '40', '2021-01-18 13:47:47', '1');
INSERT INTO `admin_sm_lookup_dict_en_us` VALUES ('3f83769487f8436099ef5f687e535002', 'AUTHOBJ_TYPE', 'Authorized object type', '87br87dcb83f4ab4b22d5fee13iec056', 'Public parameters', '65b9e97d5afa11eb90c6b888e3debd7c', 'OU', 'Object group', NULL, NULL, 'ecd20f1d26b2449fb763b73afa219d96', 'admin', '2021-01-18 13:47:47', '1');
INSERT INTO `admin_sm_lookup_dict_en_us` VALUES ('3fab4ffc312f44ca8774b8ebccf50d8a', 'ZB_BIZ_CATE', 'Application Type', '87br87dcb83f4ab4b22d5fee13iec056', 'Public parameters', '65b9e59b5afa11eb90c6b888e3debd7c', 'peixun', 'Ask for leave', NULL, NULL, 'ecd20f1d26b2449fb763b73afa219d96', '40', '2021-01-18 13:47:47', '1');
INSERT INTO `admin_sm_lookup_dict_en_us` VALUES ('424903b664674b08ab2df8adefbf754c', 'LOG_TYPE', 'Log Type', '87br87dcb83f4ab4b22d5fee13iec056', 'Public parameters', '65b9e5105afa11eb90c6b888e3debd7c', '5', 'Log out of the system', NULL, NULL, 'ecd20f1d26b2449fb763b73afa219d96', 'admin', '2021-01-18 13:47:47', '1');
INSERT INTO `admin_sm_lookup_dict_en_us` VALUES ('435a0fe176fd40cd8e283847934ebe24', 'HTTP_METHOD_TYPE', 'HTTP method', '87br87dcb83f4ab4b22d5fee13iec056', 'Public parameters', '65b9e1b65afa11eb90c6b888e3debd7c', 'GET', 'GET', NULL, NULL, 'ecd20f1d26b2449fb763b73afa219d96', '40', '2021-01-18 13:47:47', '1');
INSERT INTO `admin_sm_lookup_dict_en_us` VALUES ('4532afbd2fa140f6b3f7666625b1abce', 'DATASET_TYP', 'Data set type', '87br87dcb83f4ab4b22d5fee13iec056', 'Public parameters', '65b9ea085afa11eb90c6b888e3debd7c', '1', 'Full field', NULL, NULL, 'ecd20f1d26b2449fb763b73afa219d96', '40', '2021-01-18 13:47:47', '1');
INSERT INTO `admin_sm_lookup_dict_en_us` VALUES ('46de37653a9b46eab2163c564b0f874d', 'LOG_TYPE', 'Log Type', '87br87dcb83f4ab4b22d5fee13iec056', 'Public parameters', '65b9e5105afa11eb90c6b888e3debd7c', '9', 'Authorization log', NULL, NULL, 'ecd20f1d26b2449fb763b73afa219d96', 'admin', '2021-01-18 13:47:47', '1');
INSERT INTO `admin_sm_lookup_dict_en_us` VALUES ('49fccb152fe54bdc8ae821981d81abd3', 'ROUTE_STRATEGY', 'Routing Policy', '87br87dcb83f4ab4b22d5fee13iec056', 'Public parameters', '65b9bf235afa11eb90c6b888e3debd7c', 'LEAST_FREQUENTLY_USED', 'Least frequently used', 'Least frequently used', NULL, 'ecd20f1d26b2449fb763b73afa219d96', '40', '2021-01-18 13:47:47', '1');
INSERT INTO `admin_sm_lookup_dict_en_us` VALUES ('4a2a0b4f54584528b0f20571febfa8ed', 'MESSAGE_LEVEL', 'Information level', '87br87dcb83f4ab4b22d5fee13iec056', 'Public parameters', '65b9e1225afa11eb90c6b888e3debd7c', 'M001', 'unknown mistake', NULL, NULL, 'ecd20f1d26b2449fb763b73afa219d96', 'admin', '2021-01-18 13:47:47', '1');
INSERT INTO `admin_sm_lookup_dict_en_us` VALUES ('4c849852fe7046f2ae41ccb193f3994f', 'SEX_TYPE', 'gender', '87br87dcb83f4ab4b22d5fee13iec056', 'Public parameters', '65b9e4845afa11eb90c6b888e3debd7c', '2', 'Female', NULL, NULL, 'ecd20f1d26b2449fb763b73afa219d96', '40', '2021-01-18 13:47:47', '1');
INSERT INTO `admin_sm_lookup_dict_en_us` VALUES ('4d724fbf1ec54b768506984929b91a1d', 'ZB_BIZ_CATE', 'Application Type', '87br87dcb83f4ab4b22d5fee13iec056', 'Public parameters', '65b9e59b5afa11eb90c6b888e3debd7c', 'APPLDEMO01', 'General process application', NULL, NULL, 'ecd20f1d26b2449fb763b73afa219d96', '40', '2021-01-18 13:47:47', '1');
INSERT INTO `admin_sm_lookup_dict_en_us` VALUES ('51edd496c93c43d0b52f553d6a50761f', 'IDENT_TYPE', 'Type Of Certificate', '87br87dcb83f4ab4b22d5fee13iec056', 'Public parameters', '65b9e73e5afa11eb90c6b888e3debd7c', 'D', 'Taiwan Resident ID Card', NULL, NULL, 'ecd20f1d26b2449fb763b73afa219d96', 'admin', '2021-01-18 13:47:47', '1');
INSERT INTO `admin_sm_lookup_dict_en_us` VALUES ('538c1902ffe1413aa529b4396e8c5678', 'ROUTE_STRATEGY', 'Routing Policy', '87br87dcb83f4ab4b22d5fee13iec056', 'Public parameters', '65b9bf235afa11eb90c6b888e3debd7c', 'LAST', 'the last one', 'the last one', NULL, 'ecd20f1d26b2449fb763b73afa219d96', '40', '2021-01-18 13:47:47', '1');
INSERT INTO `admin_sm_lookup_dict_en_us` VALUES ('597742df3161435e8e736267c4eba010', 'IDENT_TYPE', 'Type Of Certificate', '87br87dcb83f4ab4b22d5fee13iec056', 'Public parameters', '65b9e73e5afa11eb90c6b888e3debd7c', 'K', 'Union agency code', NULL, NULL, 'ecd20f1d26b2449fb763b73afa219d96', 'admin', '2021-01-18 13:47:47', '1');
INSERT INTO `admin_sm_lookup_dict_en_us` VALUES ('5bd53db0018f4483a902ae9c51759772', 'AUTHRES_TYPE', 'Authorized resource type', '87br87dcb83f4ab4b22d5fee13iec056', 'Public parameters', '65b9e8615afa11eb90c6b888e3debd7c', 'C', 'Control point', NULL, NULL, 'ecd20f1d26b2449fb763b73afa219d96', 'admin', '2021-01-18 13:47:47', '1');
INSERT INTO `admin_sm_lookup_dict_en_us` VALUES ('5e2b3949a43e4928ae83db6f01b58469', 'FAIL_STRATEGY', 'Failure handling strategy', '87br87dcb83f4ab4b22d5fee13iec056', 'Public parameters', '65b9e6b25afa11eb90c6b888e3debd7c', 'FAIL_ALARM', 'Failure alert', 'Failure alert', NULL, 'ecd20f1d26b2449fb763b73afa219d96', '40', '2021-01-18 13:47:47', '1');
INSERT INTO `admin_sm_lookup_dict_en_us` VALUES ('6104f19065544f26870920cb4ce14a67', 'CASE_EXEU_STS', 'Test case execution status', '87br87dcb83f4ab4b22d5fee13iec056', 'Public parameters', '65b9ea945afa11eb90c6b888e3debd7c', '1', 'success', 'Baffle interface platform-do not delete', NULL, 'ecd20f1d26b2449fb763b73afa219d96', '313132fa5bee4a97a494642c14c4fa8d', '2021-01-18 13:47:47', '1');
INSERT INTO `admin_sm_lookup_dict_en_us` VALUES ('6237e0cf0dea4af38dc74b542c89a026', 'AUTHOBJ_TYPE', 'Authorized object type', '87br87dcb83f4ab4b22d5fee13iec056', 'Public parameters', '65b9e97d5afa11eb90c6b888e3debd7c', 'D', 'department', NULL, NULL, 'ecd20f1d26b2449fb763b73afa219d96', 'admin', '2021-01-18 13:47:47', '1');
INSERT INTO `admin_sm_lookup_dict_en_us` VALUES ('62c5a782ccf64df6a684ba9fb9f24b76', 'BLOCK_STRATEGY', 'Blocking strategy', '87br87dcb83f4ab4b22d5fee13iec056', 'Public parameters', '65b9e08e5afa11eb90c6b888e3debd7c', 'COVER_EARLY', 'Dispatch before overwriting', 'Dispatch before overwriting', NULL, 'ecd20f1d26b2449fb763b73afa219d96', '40', '2021-01-18 13:47:47', '1');
INSERT INTO `admin_sm_lookup_dict_en_us` VALUES ('63d6c43fb0dd4c18bc63eaa0c8978528', 'LOG_TYPE', 'Log Type', '87br87dcb83f4ab4b22d5fee13iec056', 'Public parameters', '65b9e5105afa11eb90c6b888e3debd7c', '7', 'Access menu', NULL, NULL, 'ecd20f1d26b2449fb763b73afa219d96', 'admin', '2021-01-18 13:47:47', '1');
INSERT INTO `admin_sm_lookup_dict_en_us` VALUES ('65b91ff69cf84a88a75627d45884db74', 'MESSAGE_LEVEL', 'Information level', '87br87dcb83f4ab4b22d5fee13iec056', 'Public parameters', '65b9e1225afa11eb90c6b888e3debd7c', 'success', 'success', NULL, NULL, 'ecd20f1d26b2449fb763b73afa219d96', 'admin', '2021-01-18 13:47:47', '1');
INSERT INTO `admin_sm_lookup_dict_en_us` VALUES ('65b9bca65afa11eb90c6b888e3debd7c', 'YESNO', 'Yes or No', '87br87dcb83f4ab4b22d5fee13iec056', 'Public parameters', '-1', '0', '0', NULL, 0, 'ecd20f1d26b2449fb763b73afa219d96', '40', '2021-01-18 13:47:47', '1');
INSERT INTO `admin_sm_lookup_dict_en_us` VALUES ('65b9bf235afa11eb90c6b888e3debd7c', 'ROUTE_STRATEGY', 'Routing Policy', '87br87dcb83f4ab4b22d5fee13iec056', 'Public parameters', '-1', '0', '0', NULL, 0, 'ecd20f1d26b2449fb763b73afa219d96', '40', '2021-01-18 13:47:47', '1');
INSERT INTO `admin_sm_lookup_dict_en_us` VALUES ('65b9c0295afa11eb90c6b888e3debd7c', 'DATA_STS', 'Data status', '87br87dcb83f4ab4b22d5fee13iec056', 'Public parameters', '-1', '0', '0', NULL, 0, 'ecd20f1d26b2449fb763b73afa219d96', '40', '2017-12-18 00:00:00', '1');
INSERT INTO `admin_sm_lookup_dict_en_us` VALUES ('65b9c0da5afa11eb90c6b888e3debd7c', 'TRIGGER_REGTYPE', 'Actuator registration method', '87br87dcb83f4ab4b22d5fee13iec056', 'Public parameters', '-1', '0', '0', NULL, 0, 'ecd20f1d26b2449fb763b73afa219d96', '40', '2021-01-18 13:47:47', '1');
INSERT INTO `admin_sm_lookup_dict_en_us` VALUES ('65b9c1a75afa11eb90c6b888e3debd7c', 'ENV_STS', 'Environmental Status', '87br87dcb83f4ab4b22d5fee13iec056', 'Public parameters', '-1', '0', '0', NULL, 0, 'ecd20f1d26b2449fb763b73afa219d96', '40', '2021-01-18 13:47:47', '1');
INSERT INTO `admin_sm_lookup_dict_en_us` VALUES ('65b9c23f5afa11eb90c6b888e3debd7c', 'JOB_GROUP', 'Actuator', '87br87dcb83f4ab4b22d5fee13iec056', 'Public parameters', '-1', '0', '0', NULL, 0, 'ecd20f1d26b2449fb763b73afa219d96', '40', '2021-01-18 13:47:47', '1');
INSERT INTO `admin_sm_lookup_dict_en_us` VALUES ('65b9dae55afa11eb90c6b888e3debd7c', 'RANK_LEVEL', 'Rank', '87br87dcb83f4ab4b22d5fee13iec056', 'Public parameters', '-1', '0', '0', NULL, 0, 'ecd20f1d26b2449fb763b73afa219d96', '40', '2021-01-18 13:47:47', '1');
INSERT INTO `admin_sm_lookup_dict_en_us` VALUES ('65b9dbd35afa11eb90c6b888e3debd7c', 'MESSAGE_TYPE', 'Message category', '87br87dcb83f4ab4b22d5fee13iec056', 'Public parameters', '-1', '0', '0', NULL, 0, 'ecd20f1d26b2449fb763b73afa219d96', '40', '2021-01-18 13:47:47', '1');
INSERT INTO `admin_sm_lookup_dict_en_us` VALUES ('65b9dc6f5afa11eb90c6b888e3debd7c', 'HIGHEST_EDU', 'Educational Background', '87br87dcb83f4ab4b22d5fee13iec056', 'Public parameters', '-1', '0', '0', NULL, 0, 'ecd20f1d26b2449fb763b73afa219d96', '40', '2021-01-18 13:47:47', '1');
INSERT INTO `admin_sm_lookup_dict_en_us` VALUES ('65b9dd075afa11eb90c6b888e3debd7c', 'EXEU_STS', 'Test set execution status', '87br87dcb83f4ab4b22d5fee13iec056', 'Public parameters', '-1', '0', '0', NULL, 0, 'ecd20f1d26b2449fb763b73afa219d96', '40', '2021-01-18 13:47:47', '1');
INSERT INTO `admin_sm_lookup_dict_en_us` VALUES ('65b9de265afa11eb90c6b888e3debd7c', 'IS_REQ', 'Is it required', '87br87dcb83f4ab4b22d5fee13iec056', 'Public parameters', '-1', '0', '0', NULL, 0, 'ecd20f1d26b2449fb763b73afa219d96', '40', '2021-01-18 13:47:47', '1');
INSERT INTO `admin_sm_lookup_dict_en_us` VALUES ('65b9deba5afa11eb90c6b888e3debd7c', 'CHANNEL_FLAG', 'Channel ID', '87br87dcb83f4ab4b22d5fee13iec056', 'Public parameters', '-1', '0', '0', NULL, 0, 'ecd20f1d26b2449fb763b73afa219d96', '40', '2021-01-18 13:47:47', '1');
INSERT INTO `admin_sm_lookup_dict_en_us` VALUES ('65b9df465afa11eb90c6b888e3debd7c', 'CHANNEL_EXCLUSIVE_RULE', 'Channel Mutually Exclusive Strategy', '87br87dcb83f4ab4b22d5fee13iec056', 'Public parameters', '-1', '0', '0', NULL, 0, 'ecd20f1d26b2449fb763b73afa219d96', '40', '2021-01-18 13:47:47', '1');
INSERT INTO `admin_sm_lookup_dict_en_us` VALUES ('65b9dff65afa11eb90c6b888e3debd7c', 'CHANNEL_AUTH_TYPE', 'Channel authentication method', '87br87dcb83f4ab4b22d5fee13iec056', 'Public parameters', '-1', '0', '0', NULL, 0, 'ecd20f1d26b2449fb763b73afa219d96', '40', '2021-01-18 13:47:47', '1');
INSERT INTO `admin_sm_lookup_dict_en_us` VALUES ('65b9e08e5afa11eb90c6b888e3debd7c', 'BLOCK_STRATEGY', 'Blocking strategy', '87br87dcb83f4ab4b22d5fee13iec056', 'Public parameters', '-1', '0', '0', NULL, 0, 'ecd20f1d26b2449fb763b73afa219d96', '40', '2021-01-18 13:47:47', '1');
INSERT INTO `admin_sm_lookup_dict_en_us` VALUES ('65b9e1225afa11eb90c6b888e3debd7c', 'MESSAGE_LEVEL', 'Information level', '87br87dcb83f4ab4b22d5fee13iec056', 'Public parameters', '-1', '0', '0', NULL, 0, 'ecd20f1d26b2449fb763b73afa219d96', '40', '2021-01-18 13:47:47', '1');
INSERT INTO `admin_sm_lookup_dict_en_us` VALUES ('65b9e1b65afa11eb90c6b888e3debd7c', 'HTTP_METHOD_TYPE', 'HTTP method', '87br87dcb83f4ab4b22d5fee13iec056', 'Public parameters', '-1', '0', '0', NULL, 0, 'ecd20f1d26b2449fb763b73afa219d96', '40', '2021-01-18 13:47:47', '1');
INSERT INTO `admin_sm_lookup_dict_en_us` VALUES ('65b9e2495afa11eb90c6b888e3debd7c', 'ENV_TYP', 'System environment type', '87br87dcb83f4ab4b22d5fee13iec056', 'Public parameters', '-1', '0', '0', NULL, 0, 'ecd20f1d26b2449fb763b73afa219d96', '40', '2021-01-18 13:47:47', '1');
INSERT INTO `admin_sm_lookup_dict_en_us` VALUES ('65b9e2d55afa11eb90c6b888e3debd7c', 'GLUE_TYPE', 'Operating Mode', '87br87dcb83f4ab4b22d5fee13iec056', 'Public parameters', '-1', '0', '0', NULL, 0, 'ecd20f1d26b2449fb763b73afa219d96', '40', '2021-01-18 13:47:47', '1');
INSERT INTO `admin_sm_lookup_dict_en_us` VALUES ('65b9e3655afa11eb90c6b888e3debd7c', 'PROJECT_STS', 'Project Status', '87br87dcb83f4ab4b22d5fee13iec056', 'Public parameters', '-1', '0', '0', NULL, 0, 'ecd20f1d26b2449fb763b73afa219d96', '40', '2021-01-18 13:47:47', '1');
INSERT INTO `admin_sm_lookup_dict_en_us` VALUES ('65b9e3f45afa11eb90c6b888e3debd7c', 'LOGIC_SYS_EXCLUSIVE_RULE', 'Logical system exclusive login strategy', '87br87dcb83f4ab4b22d5fee13iec056', 'Public parameters', '-1', '0', '0', NULL, 0, 'ecd20f1d26b2449fb763b73afa219d96', '40', '2021-01-18 13:47:47', '1');
INSERT INTO `admin_sm_lookup_dict_en_us` VALUES ('65b9e4845afa11eb90c6b888e3debd7c', 'SEX_TYPE', 'gender', '87br87dcb83f4ab4b22d5fee13iec056', 'Public parameters', '-1', '0', '0', NULL, 0, 'ecd20f1d26b2449fb763b73afa219d96', '40', '2021-01-18 13:47:47', '1');
INSERT INTO `admin_sm_lookup_dict_en_us` VALUES ('65b9e5105afa11eb90c6b888e3debd7c', 'LOG_TYPE', 'Log Type', '87br87dcb83f4ab4b22d5fee13iec056', 'Public parameters', '-1', '0', '0', NULL, 0, 'ecd20f1d26b2449fb763b73afa219d96', '40', '2021-01-18 13:47:47', '1');
INSERT INTO `admin_sm_lookup_dict_en_us` VALUES ('65b9e59b5afa11eb90c6b888e3debd7c', 'ZB_BIZ_CATE', 'Application Type', '87br87dcb83f4ab4b22d5fee13iec056', 'Public parameters', '-1', '0', '0', NULL, 0, 'ecd20f1d26b2449fb763b73afa219d96', '40', '2021-01-18 13:47:47', '1');
INSERT INTO `admin_sm_lookup_dict_en_us` VALUES ('65b9e6275afa11eb90c6b888e3debd7c', 'COMM_TYPE', 'Communication type', '87br87dcb83f4ab4b22d5fee13iec056', 'Public parameters', '-1', '0', '0', NULL, 0, 'ecd20f1d26b2449fb763b73afa219d96', '40', '2021-01-18 13:47:47', '1');
INSERT INTO `admin_sm_lookup_dict_en_us` VALUES ('65b9e6b25afa11eb90c6b888e3debd7c', 'FAIL_STRATEGY', 'Failure handling strategy', '87br87dcb83f4ab4b22d5fee13iec056', 'Public parameters', '-1', '0', '0', NULL, 0, 'ecd20f1d26b2449fb763b73afa219d96', '40', '2021-01-18 13:47:47', '1');
INSERT INTO `admin_sm_lookup_dict_en_us` VALUES ('65b9e73e5afa11eb90c6b888e3debd7c', 'IDENT_TYPE', 'Type Of Certificate', '87br87dcb83f4ab4b22d5fee13iec056', 'Public parameters', '-1', '0', '0', NULL, 0, 'ecd20f1d26b2449fb763b73afa219d96', '40', '2021-01-18 13:47:47', '1');
INSERT INTO `admin_sm_lookup_dict_en_us` VALUES ('65b9e7ce5afa11eb90c6b888e3debd7c', 'ACTION_TYPE', 'Authentication execution method', '87br87dcb83f4ab4b22d5fee13iec056', 'Public parameters', '-1', '0', '0', NULL, 0, 'ecd20f1d26b2449fb763b73afa219d96', '40', '2021-01-18 13:47:47', '1');
INSERT INTO `admin_sm_lookup_dict_en_us` VALUES ('65b9e8615afa11eb90c6b888e3debd7c', 'AUTHRES_TYPE', 'Authorized resource type', '87br87dcb83f4ab4b22d5fee13iec056', 'Public parameters', '-1', '0', '0', NULL, 0, 'ecd20f1d26b2449fb763b73afa219d96', '40', '2017-12-05 00:00:00', '1');
INSERT INTO `admin_sm_lookup_dict_en_us` VALUES ('65b9e8ed5afa11eb90c6b888e3debd7c', 'DEBUG_STS', 'Debug status', '87br87dcb83f4ab4b22d5fee13iec056', 'Public parameters', '-1', '0', '0', NULL, 0, 'ecd20f1d26b2449fb763b73afa219d96', '40', '2021-01-18 13:47:47', '1');
INSERT INTO `admin_sm_lookup_dict_en_us` VALUES ('65b9e97d5afa11eb90c6b888e3debd7c', 'AUTHOBJ_TYPE', 'Authorized object type', '87br87dcb83f4ab4b22d5fee13iec056', 'Public parameters', '-1', '0', '0', NULL, 0, 'ecd20f1d26b2449fb763b73afa219d96', '40', '2021-01-18 13:47:47', '1');
INSERT INTO `admin_sm_lookup_dict_en_us` VALUES ('65b9ea085afa11eb90c6b888e3debd7c', 'DATASET_TYP', 'Data set type', '87br87dcb83f4ab4b22d5fee13iec056', 'Public parameters', '-1', '0', '0', NULL, 0, 'ecd20f1d26b2449fb763b73afa219d96', '40', '2021-01-18 13:47:47', '1');
INSERT INTO `admin_sm_lookup_dict_en_us` VALUES ('65b9ea945afa11eb90c6b888e3debd7c', 'CASE_EXEU_STS', 'Test case execution status', '87br87dcb83f4ab4b22d5fee13iec056', 'Public parameters', '-1', '0', '0', NULL, 0, 'ecd20f1d26b2449fb763b73afa219d96', '40', '2021-01-18 13:47:47', '1');
INSERT INTO `admin_sm_lookup_dict_en_us` VALUES ('6a7c417311d24a72993e78efabb6b960', 'IDENT_TYPE', 'Type Of Certificate', '87br87dcb83f4ab4b22d5fee13iec056', 'Public parameters', '65b9e73e5afa11eb90c6b888e3debd7c', 'M', 'Domestic resident passport', NULL, NULL, 'ecd20f1d26b2449fb763b73afa219d96', 'admin', '2021-01-18 13:47:47', '1');
INSERT INTO `admin_sm_lookup_dict_en_us` VALUES ('6ddd5e665a434a61b130c194f9b1e846', 'AUTHOBJ_TYPE', 'Authorized object type', '87br87dcb83f4ab4b22d5fee13iec056', 'Public parameters', '65b9e97d5afa11eb90c6b888e3debd7c', 'G', 'organization', NULL, NULL, 'ecd20f1d26b2449fb763b73afa219d96', 'admin', '2021-01-18 13:47:47', '1');
INSERT INTO `admin_sm_lookup_dict_en_us` VALUES ('6f4030948c764e56988138ed8a5f201c', 'GLUE_TYPE', 'Operating Mode', '87br87dcb83f4ab4b22d5fee13iec056', 'Public parameters', '65b9e2d55afa11eb90c6b888e3debd7c', 'GLUE_SHELL', 'GLUE Mode（Shell）', 'GLUE Mode（Shell）', NULL, 'ecd20f1d26b2449fb763b73afa219d96', '40', '2021-01-18 13:47:47', '1');
INSERT INTO `admin_sm_lookup_dict_en_us` VALUES ('71f8e5c8a9894a6da119c68e4d399162', 'ENV_TYP', 'System environment type', '87br87dcb83f4ab4b22d5fee13iec056', 'Public parameters', '65b9e2495afa11eb90c6b888e3debd7c', '0003', 'Core system-quasi-production', NULL, NULL, 'ecd20f1d26b2449fb763b73afa219d96', '40', '2021-01-18 13:47:47', '1');
INSERT INTO `admin_sm_lookup_dict_en_us` VALUES ('7256b47bee4945a0a0b5b72e8ce67ea3', 'LOG_TYPE', 'Log Type', '87br87dcb83f4ab4b22d5fee13iec056', 'Public parameters', '65b9e5105afa11eb90c6b888e3debd7c', '1', 'Operation user', NULL, NULL, 'ecd20f1d26b2449fb763b73afa219d96', 'admin', '2021-01-18 13:47:47', '1');
INSERT INTO `admin_sm_lookup_dict_en_us` VALUES ('726f645b28474ea58ad31064a550eefd', 'RANK_LEVEL', 'Rank', '87br87dcb83f4ab4b22d5fee13iec056', 'Public parameters', '65b9dae55afa11eb90c6b888e3debd7c', '04', 'General staff', NULL, NULL, 'ecd20f1d26b2449fb763b73afa219d96', '40', '2021-01-18 13:47:47', '1');
INSERT INTO `admin_sm_lookup_dict_en_us` VALUES ('74847d1f063c4639be5e8efc8196501a', 'GLUE_TYPE', 'Operating Mode', '87br87dcb83f4ab4b22d5fee13iec056', 'Public parameters', '65b9e2d55afa11eb90c6b888e3debd7c', 'BEAN', 'BEAN Mode', 'BEAN Mode', NULL, 'ecd20f1d26b2449fb763b73afa219d96', '40', '2021-01-18 13:47:47', '1');
INSERT INTO `admin_sm_lookup_dict_en_us` VALUES ('74d2d1fe3fb742e08f89d25d0f4bcd0c', 'RANK_LEVEL', 'Rank', '87br87dcb83f4ab4b22d5fee13iec056', 'Public parameters', '65b9dae55afa11eb90c6b888e3debd7c', '02', 'Middle-level leadership', NULL, NULL, 'ecd20f1d26b2449fb763b73afa219d96', '40', '2021-01-18 13:47:47', '1');
INSERT INTO `admin_sm_lookup_dict_en_us` VALUES ('7a50e29b90ed4b4892b94313880c932b', 'AUTHOBJ_TYPE', 'Authorized object type', '87br87dcb83f4ab4b22d5fee13iec056', 'Public parameters', '65b9e97d5afa11eb90c6b888e3debd7c', 'R', 'Role', NULL, NULL, 'ecd20f1d26b2449fb763b73afa219d96', 'admin', '2021-01-18 13:47:47', '1');
INSERT INTO `admin_sm_lookup_dict_en_us` VALUES ('7c35636424804a909e8150f8b7aa7df7', 'HIGHEST_EDU', 'Educational Background', '87br87dcb83f4ab4b22d5fee13iec056', 'Public parameters', '65b9dc6f5afa11eb90c6b888e3debd7c', '07', 'Technical school', NULL, NULL, 'ecd20f1d26b2449fb763b73afa219d96', '40', '2021-01-18 13:47:47', '1');
INSERT INTO `admin_sm_lookup_dict_en_us` VALUES ('7cd20aa8c0644752b12de527a5070ef6', 'HIGHEST_EDU', 'Educational Background', '87br87dcb83f4ab4b22d5fee13iec056', 'Public parameters', '65b9dc6f5afa11eb90c6b888e3debd7c', '05', 'College/TV University', NULL, NULL, 'ecd20f1d26b2449fb763b73afa219d96', '40', '2021-01-18 13:47:47', '1');
INSERT INTO `admin_sm_lookup_dict_en_us` VALUES ('7eadf94c91144aafba1dc16521366aa6', 'ZB_BIZ_CATE', 'Application Type', '87br87dcb83f4ab4b22d5fee13iec056', 'Public parameters', '65b9e59b5afa11eb90c6b888e3debd7c', 'test', 'test', NULL, NULL, 'ecd20f1d26b2449fb763b73afa219d96', '40', '2021-01-18 13:47:47', '1');
INSERT INTO `admin_sm_lookup_dict_en_us` VALUES ('83ae2b1e20ff40eaa6d6cbd2882a632f', 'YESNO', 'Yes or No', '87br87dcb83f4ab4b22d5fee13iec056', 'Public parameters', '65b9bca65afa11eb90c6b888e3debd7c', 'Y', 'Yes', NULL, NULL, 'ecd20f1d26b2449fb763b73afa219d96', '40', '2021-01-18 13:47:47', '1');
INSERT INTO `admin_sm_lookup_dict_en_us` VALUES ('8449f102085649d6bb05698ce45bb1e3', 'CHANNEL_FLAG', 'Channel ID', '87br87dcb83f4ab4b22d5fee13iec056', 'Public parameters', '65b9deba5afa11eb90c6b888e3debd7c', 'PAD', 'PAD', NULL, NULL, 'ecd20f1d26b2449fb763b73afa219d96', '40', '2021-01-18 13:47:47', '1');
INSERT INTO `admin_sm_lookup_dict_en_us` VALUES ('84ad88104979499c8135b96a01b6f5e9', 'ZB_BIZ_CATE', 'Application Type', '87br87dcb83f4ab4b22d5fee13iec056', 'Public parameters', '65b9e59b5afa11eb90c6b888e3debd7c', 'APPLDEMO02', 'Conditional single selection process application', NULL, NULL, 'ecd20f1d26b2449fb763b73afa219d96', '40', '2021-01-18 13:47:47', '1');
INSERT INTO `admin_sm_lookup_dict_en_us` VALUES ('866af402ef4b441ab451527b8b787f24', 'SEX_TYPE', 'gender', '87br87dcb83f4ab4b22d5fee13iec056', 'Public parameters', '65b9e4845afa11eb90c6b888e3debd7c', '99', 'unknown', NULL, NULL, 'ecd20f1d26b2449fb763b73afa219d96', '40', '2021-01-18 13:47:47', '1');
INSERT INTO `admin_sm_lookup_dict_en_us` VALUES ('878b022bab934b9183ba92dfa20d0131', 'LOG_TYPE', 'Log Type', '87br87dcb83f4ab4b22d5fee13iec056', 'Public parameters', '65b9e5105afa11eb90c6b888e3debd7c', '6', 'Record operation log', NULL, NULL, 'ecd20f1d26b2449fb763b73afa219d96', 'admin', '2021-01-18 13:47:47', '1');
INSERT INTO `admin_sm_lookup_dict_en_us` VALUES ('87br87dcb83f4ab4b22d5fee13iec056', 'COMMON_PARAM', 'Public parameters', '-1', '-1', 'COMMON_INIT_PARAM', 'COMMON_PARAM', 'Public parameters', NULL, 1, NULL, '40', '2021-01-15 17:20:03', '1');
INSERT INTO `admin_sm_lookup_dict_en_us` VALUES ('87br87dcb83f4ab4b23d5fee14iec057', 'SYSTEM_MANAGE', 'System Management', '-1', '-1', 'COMMON_INIT_PARAM', 'SYSTEM_MANAGE', 'System Management', NULL, 2, NULL, '40', '2021-01-15 17:20:03', '1');
INSERT INTO `admin_sm_lookup_dict_en_us` VALUES ('89bb88dcb82f4ab4b28d5fee07eec054', 'YESNO', 'Yes or No', '87br87dcb83f4ab4b22d5fee13iec056', 'Public parameters', '65b9bca65afa11eb90c6b888e3debd7c', 'N', 'No', NULL, NULL, 'ecd20f1d26b2449fb763b73afa219d96', '40', '2021-01-18 13:47:47', '1');
INSERT INTO `admin_sm_lookup_dict_en_us` VALUES ('8d16f30ffcb746039296259286b536c3', 'RANK_LEVEL', 'Rank', '87br87dcb83f4ab4b22d5fee13iec056', 'Public parameters', '65b9dae55afa11eb90c6b888e3debd7c', '02', 'Middle-level leadership', NULL, NULL, 'ecd20f1d26b2449fb763b73afa219d96', '40', '2021-01-18 13:47:47', '1');
INSERT INTO `admin_sm_lookup_dict_en_us` VALUES ('8f40453306184aca9714d2eb72c4da93', 'DEBUG_STS', 'Debug status', '87br87dcb83f4ab4b22d5fee13iec056', 'Public parameters', '65b9e8ed5afa11eb90c6b888e3debd7c', '0', 'failure', 'Baffle interface platform-do not delete', NULL, 'ecd20f1d26b2449fb763b73afa219d96', '40', '2021-01-18 13:47:47', '1');
INSERT INTO `admin_sm_lookup_dict_en_us` VALUES ('8f4c0d1416c94b988f1456decc77fe6d', 'IDENT_TYPE', 'Type Of Certificate', '87br87dcb83f4ab4b22d5fee13iec056', 'Public parameters', '65b9e73e5afa11eb90c6b888e3debd7c', 'F', 'Foreign Resident Passport', NULL, NULL, 'ecd20f1d26b2449fb763b73afa219d96', 'admin', '2021-01-18 13:47:47', '1');
INSERT INTO `admin_sm_lookup_dict_en_us` VALUES ('8fadec637b994e74948f416271c24e4e', 'AUTHOBJ_TYPE', 'Authorized object type', '87br87dcb83f4ab4b22d5fee13iec056', 'Public parameters', '65b9e97d5afa11eb90c6b888e3debd7c', 'test', 'test', 'test', NULL, 'ecd20f1d26b2449fb763b73afa219d96', 'admin', '2021-01-18 13:47:47', '1');
INSERT INTO `admin_sm_lookup_dict_en_us` VALUES ('93dc61783ca442949ff39a51a60262a3', 'ROUTE_STRATEGY', 'Routing Policy', '87br87dcb83f4ab4b22d5fee13iec056', 'Public parameters', '65b9bf235afa11eb90c6b888e3debd7c', 'LEAST_RECENTLY_USED', 'Least recently used', 'Least recently used', NULL, 'ecd20f1d26b2449fb763b73afa219d96', '40', '2021-01-18 13:47:47', '1');
INSERT INTO `admin_sm_lookup_dict_en_us` VALUES ('9538cc3734134d4d98f84c8f5bdda356', 'ROUTE_STRATEGY', 'Routing Policy', '87br87dcb83f4ab4b22d5fee13iec056', 'Public parameters', '65b9bf235afa11eb90c6b888e3debd7c', 'ROUND', 'polling', 'polling', NULL, 'ecd20f1d26b2449fb763b73afa219d96', '40', '2021-01-18 13:47:47', '1');
INSERT INTO `admin_sm_lookup_dict_en_us` VALUES ('9551b268f914410f921a777cb7e1331b', 'HIGHEST_EDU', 'Educational Background', '87br87dcb83f4ab4b22d5fee13iec056', 'Public parameters', '65b9dc6f5afa11eb90c6b888e3debd7c', '06', 'Technical secondary school', NULL, NULL, 'ecd20f1d26b2449fb763b73afa219d96', '40', '2021-01-18 13:47:47', '1');
INSERT INTO `admin_sm_lookup_dict_en_us` VALUES ('977ee19839bf4360ae2e98d39ea2db7b', 'BLOCK_STRATEGY', 'Blocking strategy', '87br87dcb83f4ab4b22d5fee13iec056', 'Public parameters', '65b9e08e5afa11eb90c6b888e3debd7c', 'SERIAL_EXECUTION', 'Stand-alone serial', 'Stand-alone serial', NULL, 'ecd20f1d26b2449fb763b73afa219d96', '40', '2021-01-18 13:47:47', '1');
INSERT INTO `admin_sm_lookup_dict_en_us` VALUES ('978cfc2379134fde845fee8d19d98b58', 'DATASET_TYP', 'Data set type', '87br87dcb83f4ab4b22d5fee13iec056', 'Public parameters', '65b9ea085afa11eb90c6b888e3debd7c', '0', 'Business template', NULL, NULL, 'ecd20f1d26b2449fb763b73afa219d96', '40', '2021-01-18 13:47:47', '1');
INSERT INTO `admin_sm_lookup_dict_en_us` VALUES ('97fa04b0c1e047d3b9901305e1d15b9f', 'CHANNEL_AUTH_TYPE', 'Channel authentication method', '87br87dcb83f4ab4b22d5fee13iec056', 'Public parameters', '65b9dff65afa11eb90c6b888e3debd7c', '03', 'Face recognition', NULL, NULL, 'ecd20f1d26b2449fb763b73afa219d96', '40', '2021-01-18 13:47:47', '1');
INSERT INTO `admin_sm_lookup_dict_en_us` VALUES ('987810de22b5472ebf905047b36f81cf', 'LOG_TYPE', 'Log Type', '87br87dcb83f4ab4b22d5fee13iec056', 'Public parameters', '65b9e5105afa11eb90c6b888e3debd7c', '8', 'Access report', NULL, NULL, 'ecd20f1d26b2449fb763b73afa219d96', 'admin', '2021-01-18 13:47:47', '1');
INSERT INTO `admin_sm_lookup_dict_en_us` VALUES ('9e918753d2fc401789ad592e506de62d', 'CHANNEL_FLAG', 'Channel ID', '87br87dcb83f4ab4b22d5fee13iec056', 'Public parameters', '65b9deba5afa11eb90c6b888e3debd7c', 'MOBILE', 'Cell phone', NULL, NULL, 'ecd20f1d26b2449fb763b73afa219d96', '40', '2021-01-18 13:47:47', '1');
INSERT INTO `admin_sm_lookup_dict_en_us` VALUES ('a0bb51ce3773426ba341fca0f0a11fdc', 'CHANNEL_EXCLUSIVE_RULE', 'Channel Mutually Exclusive Strategy', '87br87dcb83f4ab4b22d5fee13iec056', 'Public parameters', '65b9df465afa11eb90c6b888e3debd7c', '02', 'Single channel is mutually exclusive, multiple channels are not mutually exclusive', 'Single channel is mutually exclusive, multiple channels are not mutually exclusive', NULL, 'ecd20f1d26b2449fb763b73afa219d96', '40', '2021-01-18 13:47:47', '1');
INSERT INTO `admin_sm_lookup_dict_en_us` VALUES ('a1bfca8cc597452ab4d5dc5fc4e23128', 'IS_REQ', 'Is it required', '87br87dcb83f4ab4b22d5fee13iec056', 'Public parameters', '65b9de265afa11eb90c6b888e3debd7c', '2', ' uncertain', 'uncertain', NULL, 'ecd20f1d26b2449fb763b73afa219d96', '56e0d3a51c8646adba4bb0fd4428408d', '2021-01-18 13:47:47', '1');
INSERT INTO `admin_sm_lookup_dict_en_us` VALUES ('a1de2d897c184790833aa254b7e662cc', 'ZB_BIZ_CATE', 'Application Type', '87br87dcb83f4ab4b22d5fee13iec056', 'Public parameters', '65b9e59b5afa11eb90c6b888e3debd7c', 'TEST', 'Test process', NULL, NULL, 'ecd20f1d26b2449fb763b73afa219d96', '40', '2021-01-18 13:47:47', '1');
INSERT INTO `admin_sm_lookup_dict_en_us` VALUES ('a5209c17eb4444cd8f0bb54fff9c4f4b', 'COMM_TYPE', 'Communication type', '87br87dcb83f4ab4b22d5fee13iec056', 'Public parameters', '65b9e6275afa11eb90c6b888e3debd7c', '2', 'MQ', NULL, NULL, 'ecd20f1d26b2449fb763b73afa219d96', '40', '2021-01-18 13:47:47', '1');
INSERT INTO `admin_sm_lookup_dict_en_us` VALUES ('aabd095982bc4f9cbf6f39946d133e5b', 'PROJECT_STS', 'Project Status', '87br87dcb83f4ab4b22d5fee13iec056', 'Public parameters', '65b9e3655afa11eb90c6b888e3debd7c', '3', 'execute', NULL, NULL, 'ecd20f1d26b2449fb763b73afa219d96', '40', '2021-01-18 13:47:47', '1');
INSERT INTO `admin_sm_lookup_dict_en_us` VALUES ('ab6d7070db4b4602800aa4b2fffd8b0a', 'HIGHEST_EDU', 'Educational Background', '87br87dcb83f4ab4b22d5fee13iec056', 'Public parameters', '65b9dc6f5afa11eb90c6b888e3debd7c', '04', 'Undergraduate', NULL, NULL, 'ecd20f1d26b2449fb763b73afa219d96', '40', '2021-01-18 13:47:47', '1');
INSERT INTO `admin_sm_lookup_dict_en_us` VALUES ('abb27c59064d44b38014ef510699b809', 'GLUE_TYPE', 'Operating Mode', '87br87dcb83f4ab4b22d5fee13iec056', 'Public parameters', '65b9e2d55afa11eb90c6b888e3debd7c', 'GLUE_PYTHON', 'GLUE Mode（Phthon）', 'GLUE Mode（Phthon）', NULL, 'ecd20f1d26b2449fb763b73afa219d96', '40', '2021-01-18 13:47:47', '1');
INSERT INTO `admin_sm_lookup_dict_en_us` VALUES ('abb70213865745debcb02f26d1b40cbc', 'ROUTE_STRATEGY', 'Routing Policy', '87br87dcb83f4ab4b22d5fee13iec056', 'Public parameters', '65b9bf235afa11eb90c6b888e3debd7c', 'CONSISTENT_HASH', 'conformity HASH', 'conformity HASH', NULL, 'ecd20f1d26b2449fb763b73afa219d96', '40', '2021-01-18 13:47:47', '1');
INSERT INTO `admin_sm_lookup_dict_en_us` VALUES ('ad8f72fac5c14bea9106b72c4a60c627', 'MESSAGE_TYPE', 'Message category', '87br87dcb83f4ab4b22d5fee13iec056', 'Public parameters', '65b9dbd35afa11eb90c6b888e3debd7c', 'DBERR', 'Database error prompt', NULL, NULL, 'ecd20f1d26b2449fb763b73afa219d96', 'admin', '2021-01-18 13:47:47', '1');
INSERT INTO `admin_sm_lookup_dict_en_us` VALUES ('b14d4c8a28014adc81fa3d2298c62101', 'ACTION_TYPE', 'Authentication execution method', '87br87dcb83f4ab4b22d5fee13iec056', 'Public parameters', '65b9e7ce5afa11eb90c6b888e3debd7c', '1', 'Freeze users', 'Freeze users', 1, 'ecd20f1d26b2449fb763b73afa219d96', '40', '2021-01-18 13:47:47', '1');
INSERT INTO `admin_sm_lookup_dict_en_us` VALUES ('b1f346667b254ff3a6ae0bfd9e931e11', 'ZB_BIZ_CATE', 'Application Type', '87br87dcb83f4ab4b22d5fee13iec056', 'Public parameters', '65b9e59b5afa11eb90c6b888e3debd7c', 'APPLDEMO05', 'Project pool process application', NULL, NULL, 'ecd20f1d26b2449fb763b73afa219d96', '40', '2021-01-18 13:47:47', '1');
INSERT INTO `admin_sm_lookup_dict_en_us` VALUES ('b27a327d29994df5bc476b61ed114a92', 'DATA_STS', 'Data status', '87br87dcb83f4ab4b22d5fee13iec056', 'Public parameters', '65b9c0295afa11eb90c6b888e3debd7c', 'W', 'To be effective', 'Official data, please do not delete', 3, 'ecd20f1d26b2449fb763b73afa219d96', '40', '2021-01-18 13:47:47', '1');
INSERT INTO `admin_sm_lookup_dict_en_us` VALUES ('b29a4c1805ae4a5eb06a7e76d14075fa', 'HIGHEST_EDU', 'Educational Background', '87br87dcb83f4ab4b22d5fee13iec056', 'Public parameters', '65b9dc6f5afa11eb90c6b888e3debd7c', '10', 'primary school', NULL, NULL, 'ecd20f1d26b2449fb763b73afa219d96', '40', '2021-01-18 13:47:47', '1');
INSERT INTO `admin_sm_lookup_dict_en_us` VALUES ('b362540fb9774419abfc916c869aa03c', 'GLUE_TYPE', 'Operating Mode', '87br87dcb83f4ab4b22d5fee13iec056', 'Public parameters', '65b9e2d55afa11eb90c6b888e3debd7c', 'GLUE_NODEJS', 'GLUE Mode（Nodejs）', 'GLUE Mode（Nodejs）', NULL, 'ecd20f1d26b2449fb763b73afa219d96', '40', '2021-01-18 13:47:47', '1');
INSERT INTO `admin_sm_lookup_dict_en_us` VALUES ('b750780a4e53454bb4ca6db585e2cdf1', 'ZB_BIZ_CATE', 'Application Type', '87br87dcb83f4ab4b22d5fee13iec056', 'Public parameters', '65b9e59b5afa11eb90c6b888e3debd7c', 'CHUNYOUZOUYZ', 'A trip in spring', NULL, NULL, 'ecd20f1d26b2449fb763b73afa219d96', '40', '2021-01-18 13:47:47', '1');
INSERT INTO `admin_sm_lookup_dict_en_us` VALUES ('b7509d9cd329440998e346ebcb662a56', 'HTTP_METHOD_TYPE', 'HTTP method', '87br87dcb83f4ab4b22d5fee13iec056', 'Public parameters', '65b9e1b65afa11eb90c6b888e3debd7c', 'POST', 'POST', NULL, NULL, 'ecd20f1d26b2449fb763b73afa219d96', '40', '2021-01-18 13:47:47', '1');
INSERT INTO `admin_sm_lookup_dict_en_us` VALUES ('b8f6c7e98acc4d5ca103aed88f6cc03b', 'AUTHOBJ_TYPE', 'Authorized object type', '87br87dcb83f4ab4b22d5fee13iec056', 'Public parameters', '65b9e97d5afa11eb90c6b888e3debd7c', 'U', 'user', NULL, NULL, 'ecd20f1d26b2449fb763b73afa219d96', 'admin', '2021-01-18 13:47:47', '1');
INSERT INTO `admin_sm_lookup_dict_en_us` VALUES ('ba831aeb761843bf8a61ac87284fbf00', 'MESSAGE_LEVEL', 'Information level', '87br87dcb83f4ab4b22d5fee13iec056', 'Public parameters', '65b9e1225afa11eb90c6b888e3debd7c', 'error', 'error', NULL, NULL, 'ecd20f1d26b2449fb763b73afa219d96', 'admin', '2021-01-18 13:47:47', '1');
INSERT INTO `admin_sm_lookup_dict_en_us` VALUES ('bb4aea0b02c94a9784ce23167db1883c', 'LOGIC_SYS_EXCLUSIVE_RULE', 'Logical system exclusive login strategy', '87br87dcb83f4ab4b22d5fee13iec056', 'Public parameters', '65b9e3f45afa11eb90c6b888e3debd7c', '01', 'Single logic system is mutually exclusive, multiple logic systems are mutually exclusive', 'Single logic system is mutually exclusive, multiple logic systems are mutually exclusive', NULL, 'ecd20f1d26b2449fb763b73afa219d96', '40', '2021-01-18 13:47:47', '1');
INSERT INTO `admin_sm_lookup_dict_en_us` VALUES ('bbb9266cddca42f8a6a160719c39a25e', 'SEX_TYPE', 'gender', '87br87dcb83f4ab4b22d5fee13iec056', 'Public parameters', '65b9e4845afa11eb90c6b888e3debd7c', '1', 'male', NULL, NULL, 'ecd20f1d26b2449fb763b73afa219d96', '40', '2021-01-18 13:47:47', '1');
INSERT INTO `admin_sm_lookup_dict_en_us` VALUES ('bc1911ddfcdd4e3ba44b0454ed3cb210', 'FAIL_STRATEGY', 'Failure handling strategy', '87br87dcb83f4ab4b22d5fee13iec056', 'Public parameters', '65b9e6b25afa11eb90c6b888e3debd7c', 'FAIL_RETRY', 'Failure retry', 'Failure retry', NULL, 'ecd20f1d26b2449fb763b73afa219d96', '40', '2021-01-18 13:47:47', '1');
INSERT INTO `admin_sm_lookup_dict_en_us` VALUES ('bdd46f611c6b4242b3f1db8ef28368ae', 'EXEU_STS', 'Test set execution status', '87br87dcb83f4ab4b22d5fee13iec056', 'Public parameters', '65b9dd075afa11eb90c6b888e3debd7c', '3', 'Manual termination', 'Baffle interface platform-do not delete', NULL, 'ecd20f1d26b2449fb763b73afa219d96', '40', '2021-01-18 13:47:47', '1');
INSERT INTO `admin_sm_lookup_dict_en_us` VALUES ('bf55701b7b7f457180f2e5bfe31e8139', 'RANK_LEVEL', 'Rank', '87br87dcb83f4ab4b22d5fee13iec056', 'Public parameters', '65b9dae55afa11eb90c6b888e3debd7c', '03', 'Grassroots leadership', NULL, NULL, 'ecd20f1d26b2449fb763b73afa219d96', '40', '2021-01-18 13:47:47', '1');
INSERT INTO `admin_sm_lookup_dict_en_us` VALUES ('bf5e8b9f829b42b9af1188a628f842fb', 'CHANNEL_AUTH_TYPE', 'Channel authentication method', '87br87dcb83f4ab4b22d5fee13iec056', 'Public parameters', '65b9dff65afa11eb90c6b888e3debd7c', '01', 'Password authentication', NULL, NULL, 'ecd20f1d26b2449fb763b73afa219d96', '40', '2021-01-18 13:47:47', '1');
INSERT INTO `admin_sm_lookup_dict_en_us` VALUES ('bfea7892aa5d461b8fa05bc18afaff62', 'JOB_GROUP', 'Actuator', '87br87dcb83f4ab4b22d5fee13iec056', 'Public parameters', '65b9c23f5afa11eb90c6b888e3debd7c', '1', 'Example executor', 'Example executor', NULL, 'ecd20f1d26b2449fb763b73afa219d96', '40', '2021-01-18 13:47:47', '1');
INSERT INTO `admin_sm_lookup_dict_en_us` VALUES ('c10703280fde4477863c2a9acf493354', 'ENV_TYP', 'System environment type', '87br87dcb83f4ab4b22d5fee13iec056', 'Public parameters', '65b9e2495afa11eb90c6b888e3debd7c', '0006', 'Credit system-quasi-production', NULL, NULL, 'ecd20f1d26b2449fb763b73afa219d96', '40', '2021-01-18 13:47:47', '1');
INSERT INTO `admin_sm_lookup_dict_en_us` VALUES ('c27fcda9eac64790b2a116345d41e8c5', 'MESSAGE_LEVEL', 'Information level', '87br87dcb83f4ab4b22d5fee13iec056', 'Public parameters', '65b9e1225afa11eb90c6b888e3debd7c', 'warning', 'caveat', NULL, NULL, 'ecd20f1d26b2449fb763b73afa219d96', 'admin', '2021-01-18 13:47:47', '1');
INSERT INTO `admin_sm_lookup_dict_en_us` VALUES ('c3581989c8a2453f978eb115a644143f', 'LOG_TYPE', 'Log Type', '87br87dcb83f4ab4b22d5fee13iec056', 'Public parameters', '65b9e5105afa11eb90c6b888e3debd7c', '4', 'Button operation log', NULL, NULL, 'ecd20f1d26b2449fb763b73afa219d96', 'admin', '2021-01-18 13:47:47', '1');
INSERT INTO `admin_sm_lookup_dict_en_us` VALUES ('c415c8de948241809bf4fd21d702c91c', 'TRIGGER_REGTYPE', 'Actuator registration method', '87br87dcb83f4ab4b22d5fee13iec056', 'Public parameters', '65b9c0da5afa11eb90c6b888e3debd7c', '1', 'Manual registration', NULL, NULL, 'ecd20f1d26b2449fb763b73afa219d96', '40', '2021-01-18 13:47:47', '1');
INSERT INTO `admin_sm_lookup_dict_en_us` VALUES ('c537fc04ef2a41be8fd2e2d27733e9e7', 'EXEU_STS', 'Test set execution status', '87br87dcb83f4ab4b22d5fee13iec056', 'Public parameters', '65b9dd075afa11eb90c6b888e3debd7c', '1', 'Finished', 'Baffle interface platform-do not delete', NULL, 'ecd20f1d26b2449fb763b73afa219d96', '40', '2021-01-18 13:47:47', '1');
INSERT INTO `admin_sm_lookup_dict_en_us` VALUES ('cac5f02ce0b04fc89e9eb4f21bf7643d', 'IS_REQ', 'Is it required', '87br87dcb83f4ab4b22d5fee13iec056', 'Public parameters', '65b9de265afa11eb90c6b888e3debd7c', '1', 'Yes', 'Is it required-yes', NULL, 'ecd20f1d26b2449fb763b73afa219d96', '40', '2021-01-18 13:47:47', '1');
INSERT INTO `admin_sm_lookup_dict_en_us` VALUES ('caf438bd01614c3e91cbf329b9c6e2b8', 'ZB_BIZ_CATE', 'Application Type', '87br87dcb83f4ab4b22d5fee13iec056', 'Public parameters', '65b9e59b5afa11eb90c6b888e3debd7c', 'POC', 'Shangqing POC', NULL, NULL, 'ecd20f1d26b2449fb763b73afa219d96', '40', '2021-01-18 13:47:47', '1');
INSERT INTO `admin_sm_lookup_dict_en_us` VALUES ('ccc5fd1c6d534916a07bd2ec5a01ded6', 'IS_REQ', 'Is it required', '87br87dcb83f4ab4b22d5fee13iec056', 'Public parameters', '65b9de265afa11eb90c6b888e3debd7c', '0', 'No', 'Is it required-no', NULL, 'ecd20f1d26b2449fb763b73afa219d96', '40', '2021-01-18 13:47:47', '1');
INSERT INTO `admin_sm_lookup_dict_en_us` VALUES ('cd99f136fa5e4b40b219159594a9a691', 'DATA_STS', 'Data status', '87br87dcb83f4ab4b22d5fee13iec056', 'Public parameters', '65b9c0295afa11eb90c6b888e3debd7c', 'I', 'Invalidation', 'Official data, please do not delete', 4, 'ecd20f1d26b2449fb763b73afa219d96', '40', '2021-01-18 13:47:47', '1');
INSERT INTO `admin_sm_lookup_dict_en_us` VALUES ('ce6c7f8bd18844f1bf2095bc0ea33db2', 'DEBUG_STS', 'Debug status', '87br87dcb83f4ab4b22d5fee13iec056', 'Public parameters', '65b9e8ed5afa11eb90c6b888e3debd7c', '2', 'Not debugged', 'Baffle interface platform-do not delete', NULL, 'ecd20f1d26b2449fb763b73afa219d96', '40', '2021-01-18 13:47:47', '1');
INSERT INTO `admin_sm_lookup_dict_en_us` VALUES ('cf26d4a8141e4062ad6415a414292dff', 'PROJECT_STS', 'Project Status', '87br87dcb83f4ab4b22d5fee13iec056', 'Public parameters', '65b9e3655afa11eb90c6b888e3debd7c', '1', 'ready', NULL, NULL, 'ecd20f1d26b2449fb763b73afa219d96', '40', '2021-01-18 13:47:47', '1');
INSERT INTO `admin_sm_lookup_dict_en_us` VALUES ('COMMON_INIT_PARAM', 'COMMON_INIT_PARAM', 'Initialize dictionary parameter classification', '-1', '-1', '-1', 'COMMON_INIT_PARAM', 'Initialize dictionary parameter classification', '', 0, '', '40', '2021-01-15 17:20:03', '1');
INSERT INTO `admin_sm_lookup_dict_en_us` VALUES ('d56d521c8574422fb8d7ec9f920de0b4', 'AUTHOBJ_TYPE', 'Authorized object type', '87br87dcb83f4ab4b22d5fee13iec056', 'Public parameters', '65b9e97d5afa11eb90c6b888e3debd7c', 'aaa', 'aaaaa', 'bbbbbbb', NULL, 'ecd20f1d26b2449fb763b73afa219d96', 'admin', '2021-01-18 13:47:47', '1');
INSERT INTO `admin_sm_lookup_dict_en_us` VALUES ('d5dc6d2ff10b451282eee261c76aef29', 'AUTHRES_TYPE', 'Authorized resource type', '87br87dcb83f4ab4b22d5fee13iec056', 'Public parameters', '65b9e8615afa11eb90c6b888e3debd7c', 'M', 'menu', NULL, NULL, 'ecd20f1d26b2449fb763b73afa219d96', 'admin', '2021-01-18 13:47:47', '1');
INSERT INTO `admin_sm_lookup_dict_en_us` VALUES ('d6328762617c4944ac8c6a8e525d99ec', 'IDENT_TYPE', 'Type Of Certificate', '87br87dcb83f4ab4b22d5fee13iec056', 'Public parameters', '65b9e73e5afa11eb90c6b888e3debd7c', 'H', 'Domestic enterprise name approval number', NULL, NULL, 'ecd20f1d26b2449fb763b73afa219d96', 'admin', '2021-01-18 13:47:47', '1');
INSERT INTO `admin_sm_lookup_dict_en_us` VALUES ('d94a47b363fd478cad4df948569786fc', 'CHANNEL_EXCLUSIVE_RULE', 'Channel Mutually Exclusive Strategy', '87br87dcb83f4ab4b22d5fee13iec056', 'Public parameters', '65b9df465afa11eb90c6b888e3debd7c', '01', 'Single channel is mutually exclusive, multiple channels are mutually exclusive', 'Single channel is mutually exclusive, and multiple channels are mutually exclusive. All channels can only be online', NULL, 'ecd20f1d26b2449fb763b73afa219d96', '40', '2021-01-18 13:47:47', '1');
INSERT INTO `admin_sm_lookup_dict_en_us` VALUES ('db9ae5a4df934953b1b7fe732d3b9035', 'DATA_STS', 'Data status', '87br87dcb83f4ab4b22d5fee13iec056', 'Public parameters', '65b9c0295afa11eb90c6b888e3debd7c', 'A', 'Take effect', NULL, 1, 'ecd20f1d26b2449fb763b73afa219d96', '40', '2021-01-18 13:47:47', '1');
INSERT INTO `admin_sm_lookup_dict_en_us` VALUES ('dc3266447d234ea3ac54857527e5016e', 'IDENT_TYPE', 'Type Of Certificate', '87br87dcb83f4ab4b22d5fee13iec056', 'Public parameters', '65b9e73e5afa11eb90c6b888e3debd7c', 'B', 'Foreign institution code', NULL, NULL, 'ecd20f1d26b2449fb763b73afa219d96', 'admin', '2021-01-18 13:47:47', '1');
INSERT INTO `admin_sm_lookup_dict_en_us` VALUES ('de0cee3f145e4273b482d9f799fee6dd', 'LOG_TYPE', 'Log Type', '87br87dcb83f4ab4b22d5fee13iec056', 'Public parameters', '65b9e5105afa11eb90c6b888e3debd7c', '10', 'Report export', NULL, NULL, 'ecd20f1d26b2449fb763b73afa219d96', 'admin', '2021-01-18 13:47:47', '1');
INSERT INTO `admin_sm_lookup_dict_en_us` VALUES ('de62dcf6fab74a3faec00a037c82e465', 'HIGHEST_EDU', 'Educational Background', '87br87dcb83f4ab4b22d5fee13iec056', 'Public parameters', '65b9dc6f5afa11eb90c6b888e3debd7c', '01', 'Post-doc', NULL, NULL, 'ecd20f1d26b2449fb763b73afa219d96', '40', '2021-01-18 13:47:47', '1');
INSERT INTO `admin_sm_lookup_dict_en_us` VALUES ('e0db58c3bb4d4578a0815d236432ebcf', 'CASE_EXEU_STS', 'Test case execution status', '87br87dcb83f4ab4b22d5fee13iec056', 'Public parameters', '65b9ea945afa11eb90c6b888e3debd7c', '0', 'failure', 'Baffle interface platform-do not delete', NULL, 'ecd20f1d26b2449fb763b73afa219d96', '313132fa5bee4a97a494642c14c4fa8d', '2021-01-18 13:47:47', '1');
INSERT INTO `admin_sm_lookup_dict_en_us` VALUES ('e19f0acb6dcc4aa791cff825e849f479', 'MESSAGE_TYPE', 'Message category', '87br87dcb83f4ab4b22d5fee13iec056', 'Public parameters', '65b9dbd35afa11eb90c6b888e3debd7c', 'MODULEINFO', 'Module prompt', 'Message configuration', NULL, 'ecd20f1d26b2449fb763b73afa219d96', 'admin', '2021-01-18 13:47:47', '1');
INSERT INTO `admin_sm_lookup_dict_en_us` VALUES ('e270cc94f52a4f7eb48800520a41c13a', 'IDENT_TYPE', 'Type Of Certificate', '87br87dcb83f4ab4b22d5fee13iec056', 'Public parameters', '65b9e73e5afa11eb90c6b888e3debd7c', 'C', 'Domestic resident ID card', NULL, NULL, 'ecd20f1d26b2449fb763b73afa219d96', 'admin', '2021-01-18 13:47:47', '1');
INSERT INTO `admin_sm_lookup_dict_en_us` VALUES ('e657cae2cfce42b58d0529a68a8cf7df', 'CHANNEL_AUTH_TYPE', 'Channel authentication method', '87br87dcb83f4ab4b22d5fee13iec056', 'Public parameters', '65b9dff65afa11eb90c6b888e3debd7c', '02', 'Fingerprint authentication', NULL, NULL, 'ecd20f1d26b2449fb763b73afa219d96', '40', '2021-01-18 13:47:47', '1');
INSERT INTO `admin_sm_lookup_dict_en_us` VALUES ('e75e608348ac4caa9a39db6133e0a6d3', 'CHANNEL_FLAG', 'Channel ID', '87br87dcb83f4ab4b22d5fee13iec056', 'Public parameters', '65b9deba5afa11eb90c6b888e3debd7c', 'PC', 'PC', NULL, NULL, 'ecd20f1d26b2449fb763b73afa219d96', '40', '2021-01-18 13:47:47', '1');
INSERT INTO `admin_sm_lookup_dict_en_us` VALUES ('e865d75912c64e3a888fbb67cbe05486', 'LOG_TYPE', 'Log Type', '87br87dcb83f4ab4b22d5fee13iec056', 'Public parameters', '65b9e5105afa11eb90c6b888e3debd7c', '3', 'log in system', NULL, NULL, 'ecd20f1d26b2449fb763b73afa219d96', '40', '2021-01-18 13:47:47', '1');
INSERT INTO `admin_sm_lookup_dict_en_us` VALUES ('e96b408a8b1c4482ace682341a67274f', 'ROUTE_STRATEGY', 'Routing Policy', '87br87dcb83f4ab4b22d5fee13iec056', 'Public parameters', '65b9bf235afa11eb90c6b888e3debd7c', 'SHARDING_BROADCAST', 'Fragmented broadcast', 'Fragmented broadcast', NULL, 'ecd20f1d26b2449fb763b73afa219d96', '40', '2021-01-18 13:47:47', '1');
INSERT INTO `admin_sm_lookup_dict_en_us` VALUES ('ea036925abf449bebc453ba1160132c2', 'RANK_LEVEL', 'Rank', '87br87dcb83f4ab4b22d5fee13iec056', 'Public parameters', '65b9dae55afa11eb90c6b888e3debd7c', '01', 'Senior leadership', NULL, NULL, 'ecd20f1d26b2449fb763b73afa219d96', '40', '2021-01-18 13:47:47', '1');
INSERT INTO `admin_sm_lookup_dict_en_us` VALUES ('ed0e440f80304d5da250bd4aec889819', 'EXEU_STS', 'Test set execution status', '87br87dcb83f4ab4b22d5fee13iec056', 'Public parameters', '65b9dd075afa11eb90c6b888e3debd7c', '4', 'Being executed', 'Baffle interface platform-do not delete', NULL, 'ecd20f1d26b2449fb763b73afa219d96', '40', '2021-01-18 13:47:47', '1');
INSERT INTO `admin_sm_lookup_dict_en_us` VALUES ('ef2472877d7a459583617a16bbdb3dc1', 'MESSAGE_TYPE', 'Message category', '87br87dcb83f4ab4b22d5fee13iec056', 'Public parameters', '65b9dbd35afa11eb90c6b888e3debd7c', 'COMINFO', 'System-level general tips', NULL, NULL, 'ecd20f1d26b2449fb763b73afa219d96', 'admin', '2021-01-18 13:47:47', '1');
INSERT INTO `admin_sm_lookup_dict_en_us` VALUES ('f0ccb7e539d44e0dac69e3cc64f8aa51', 'IDENT_TYPE', 'Type Of Certificate', '87br87dcb83f4ab4b22d5fee13iec056', 'Public parameters', '65b9e73e5afa11eb90c6b888e3debd7c', 'E', 'Hong Kong and Macau Resident Identity Card', NULL, NULL, 'ecd20f1d26b2449fb763b73afa219d96', 'admin', '2021-01-18 13:47:47', '1');
INSERT INTO `admin_sm_lookup_dict_en_us` VALUES ('f0d2f415c7914d32832eb25330ca50e7', 'ZB_BIZ_CATE', 'Application Type', '87br87dcb83f4ab4b22d5fee13iec056', 'Public parameters', '65b9e59b5afa11eb90c6b888e3debd7c', 'APPLDEMO06', 'Synchronize sub-process application', NULL, NULL, 'ecd20f1d26b2449fb763b73afa219d96', '40', '2021-01-18 13:47:47', '1');
INSERT INTO `admin_sm_lookup_dict_en_us` VALUES ('f151fbec2bd64a77b882f3bdbb863e3f', 'COMM_TYPE', 'Communication type', '87br87dcb83f4ab4b22d5fee13iec056', 'Public parameters', '65b9e6275afa11eb90c6b888e3debd7c', '1', 'HTTP Type', NULL, NULL, 'ecd20f1d26b2449fb763b73afa219d96', '40', '2021-01-18 13:47:47', '1');
INSERT INTO `admin_sm_lookup_dict_en_us` VALUES ('f1864526df0b49cfb65168d4a5bb5d23', 'ENV_STS', 'Environmental Status', '87br87dcb83f4ab4b22d5fee13iec056', 'Public parameters', '65b9c1a75afa11eb90c6b888e3debd7c', 'I', 'have not started', 'Baffle interface platform-do not delete', NULL, 'ecd20f1d26b2449fb763b73afa219d96', '40', '2021-01-18 13:47:47', '1');
INSERT INTO `admin_sm_lookup_dict_en_us` VALUES ('f274229716d14857a92b692d11fd4fee', 'HIGHEST_EDU', 'Educational Background', '87br87dcb83f4ab4b22d5fee13iec056', 'Public parameters', '65b9dc6f5afa11eb90c6b888e3debd7c', '03', 'master degree', NULL, NULL, 'ecd20f1d26b2449fb763b73afa219d96', '40', '2021-01-18 13:47:47', '1');
INSERT INTO `admin_sm_lookup_dict_en_us` VALUES ('fb1e3da0735f496b9f9fc4d26e7bf125', 'ACTION_TYPE', 'Authentication execution method', '87br87dcb83f4ab4b22d5fee13iec056', 'Public parameters', '65b9e7ce5afa11eb90c6b888e3debd7c', '3', 'caveat', 'caveat', 2, 'ecd20f1d26b2449fb763b73afa219d96', '40', '2021-01-18 13:47:47', '1');
INSERT INTO `admin_sm_lookup_dict_en_us` VALUES ('fbef87dd59c04f18a1d199d7a484028d', 'ZB_BIZ_CATE', 'Application Type', '87br87dcb83f4ab4b22d5fee13iec056', 'Public parameters', '65b9e59b5afa11eb90c6b888e3debd7c', 'ZOUYZ', 'Go to apply', NULL, NULL, 'ecd20f1d26b2449fb763b73afa219d96', '40', '2021-01-18 13:47:47', '1');
INSERT INTO `admin_sm_lookup_dict_en_us` VALUES ('fcb17f8b92fa4e35bc1cc5a89ba5045d', 'EXEU_STS', 'Test set execution status', '87br87dcb83f4ab4b22d5fee13iec056', 'Public parameters', '65b9dd075afa11eb90c6b888e3debd7c', '2', 'Error termination', 'Baffle interface platform-do not delete', NULL, 'ecd20f1d26b2449fb763b73afa219d96', '40', '2021-01-18 13:47:47', '1');



-- ----------------------------
-- Records of admin_sm_menu
-- ----------------------------
delete from admin_sm_menu;
INSERT INTO `admin_sm_menu` VALUES ('0', 'test', NULL, '-1', '根节点', 5, NULL, '根节点', '40', '2021-01-07 17:00:07', 'gjd', '1', 0, '1');
INSERT INTO `admin_sm_menu` VALUES ('18A066E3C2154A7B97BCE9EE9D09E301', 'test', '7CA6A737A4474639AAA9CAC8F51352A1', 'dafdca98d69041a5aa190a6e489be358', '数据权限模板配置', 15, 'el-icon-yx-chart-1', '数据权限模板配置', '40', '2021-01-20 23:59:06', 'sjqxmbpz', '0', 0, '1');
INSERT INTO `admin_sm_menu` VALUES ('1B1B389E2F1F4F128F04D7EF4719A62A', 'test', 'F97DC4418B524F5996D9970411DB1E8D', '39B2968841334098AC9AABB7F782BC82', '系统公告', 5, 'el-icon-yx-chart-1', '系统公告', '40', '2021-01-21 00:06:19', 'xtgg', '0', 0, '1');
INSERT INTO `admin_sm_menu` VALUES ('28B79650A4BD49E99A0EF88DF36B1420', 'test', 'E8E329A3077C4D3F83D472BB2EDBC8B7', '74d47cbb74d64263b5b2da4f18bfdd2d', '用户管理', 15, 'el-icon-yx-chart-1', '用户管理', '40', '2021-01-20 23:51:20', 'yhgl', '0', 0, '1');
INSERT INTO `admin_sm_menu` VALUES ('2F1CE2C7129E40B9BEA1D231E6F607B5', 'test', '8753B193DB2D4B9EA37EDB3A70EE473C', 'dafdca98d69041a5aa190a6e489be358', '数据字典配置', 20, 'el-icon-yx-chart-1', '数据字典配置', '40', '2021-01-20 23:59:53', 'sjzdpz', '0', 0, '1');
INSERT INTO `admin_sm_menu` VALUES ('39B2968841334098AC9AABB7F782BC82', 'test', NULL, '0', '个人中心', 10, 'el-icon-yx-chart-1', '个人中心', '40', '2021-01-21 00:12:57', 'grzx', '1', 0, '1');
INSERT INTO `admin_sm_menu` VALUES ('39c0cf27c05a4eff8aba3be93ccb4bf6', 'test', 'e79999cbb29541169780f124ae3fa120', '0', '系统管理', 5, 'el-icon-yx-map', NULL, '40', '2021-01-21 00:12:57', 'xtgl', '1', 0, '1');
INSERT INTO `admin_sm_menu` VALUES ('3C11954C1A0B45E58F8E29F6333ABDCF', 'test', '6810951EADB94581AC1A4F5D1177CC8B', 'dafdca98d69041a5aa190a6e489be358', '系统提示消息管理', 30, 'el-icon-yx-chart-1', '系统提示消息管理', '40', '2021-01-21 00:01:30', 'xttsxxgl', '0', 0, '1');
INSERT INTO `admin_sm_menu` VALUES ('45929301250A47E2999734F0E0EBFFCA', 'test', '5BC817347E054D648C6940C1498CD5B2', '74d47cbb74d64263b5b2da4f18bfdd2d', '部门管理', 25, 'el-icon-yx-chart-1', '部门管理', '40', '2021-01-20 23:55:18', 'bmgl', '0', 0, '1');
INSERT INTO `admin_sm_menu` VALUES ('4b6a5712e0e244179b289908dcad50b5', 'test', 'ED8F4F3846CB43C68D26D7E15F6C83C2', '74d47cbb74d64263b5b2da4f18bfdd2d', '租户管理', 75, '', '', '40', '2021-09-17 17:29:17', NULL, '0', 0, '1');
INSERT INTO `admin_sm_menu` VALUES ('4f41b539a727424b88f77415600728ae', 'test', '8452109860c947d89663d65a3f424056', '74d47cbb74d64263b5b2da4f18bfdd2d', '功能授权', 7, 'el-icon-yx-compass', '功能授权', '40', '2018-05-11 15:12:53', 'glsq', '0', 0, '1');
INSERT INTO `admin_sm_menu` VALUES ('5F10CCBDE81F4FCD948E5363637534F8', 'test', '40F5579911E4481BACFD2218625BFC49', '74d47cbb74d64263b5b2da4f18bfdd2d', '机构管理', 10, 'el-icon-yx-chart-1', '机构管理', '40', '2021-01-20 23:46:50', 'jggl', '0', 0, '1');
INSERT INTO `admin_sm_menu` VALUES ('74d47cbb74d64263b5b2da4f18bfdd2d', 'test', NULL, '39c0cf27c05a4eff8aba3be93ccb4bf6', '权限管理', 1, 'el-icon-yx-home', '权限管理', '40', '2021-01-21 13:43:34', 'qxgl', '1', 0, '1');
INSERT INTO `admin_sm_menu` VALUES ('7CD3CF7356794318A9A914A7A8030B15', 'test', '8112315C5E9245BA904EA09DC9821D80', 'C4E71C8904E64B2D97C061724CEB3F1F', '日志管理', 5, 'el-icon-yx-chart-1', '日志管理', '40', '2021-01-21 00:04:01', 'rzgl', '0', 0, '1');
INSERT INTO `admin_sm_menu` VALUES ('869baf3c788448668f8e98fbc9687fde', 'test', '62B7B96DEFA34359B003F082F791D6B2', '74d47cbb74d64263b5b2da4f18bfdd2d', '策略管理', 35, 'yu-icon-arrs-left', '策略管理', '40', '2021-04-07 14:21:57', NULL, '0', 0, '1');
INSERT INTO `admin_sm_menu` VALUES ('99d2457ae47d4e149c4e1a5b594d5716', 'test', NULL, '0', '任务调度', 20, 'yu-icon-share', '', '40', '2021-03-02 16:17:48', NULL, '1', 0, '1');
INSERT INTO `admin_sm_menu` VALUES ('9C0AAA98C2FF4A3493AD02DB5249FE59', 'test', 'E7AC13803C0C4E6A945EEC933DC733F8', 'dafdca98d69041a5aa190a6e489be358', '控制点管理', 10, 'el-icon-yx-chart-1', '控制点管理', '40', '2021-01-20 23:57:53', 'kzdgl', '0', 0, '1');
INSERT INTO `admin_sm_menu` VALUES ('B2D8D34DF0B14E93BCAC68AEEB24C4C6', 'test', 'B7C7026571514B68AA9CDA5CB0DE7446', '74d47cbb74d64263b5b2da4f18bfdd2d', '角色管理', 20, 'el-icon-yx-chart-1', '角色管理', '40', '2021-01-20 23:54:11', 'jsgl', '0', 0, '1');
INSERT INTO `admin_sm_menu` VALUES ('B4411741F5D14CE3ACECE21C50F1C6F6', 'test', '8AFA78FC0EF149ED848B0D0370BC6E27', 'dafdca98d69041a5aa190a6e489be358', '系统参数', 25, 'el-icon-yx-chart-1', '系统参数', '40', '2021-01-21 00:00:41', 'xtcs', '0', 0, '1');
INSERT INTO `admin_sm_menu` VALUES ('c4cb2d8b614e43528ac802daa9834a28', 'test', '16BB69F16B524298BCC47AF85231BCD0', '74d47cbb74d64263b5b2da4f18bfdd2d', '数据授权', 40, '', '', '40', '2021-04-26 11:46:56', NULL, '0', 0, '1');
INSERT INTO `admin_sm_menu` VALUES ('C4E71C8904E64B2D97C061724CEB3F1F', 'test', NULL, '39c0cf27c05a4eff8aba3be93ccb4bf6', '系统监控', 15, 'el-icon-yx-chart-1', '系统监控', '40', '2021-01-21 00:02:29', 'xtjk', '1', 0, '1');
INSERT INTO `admin_sm_menu` VALUES ('dafdca98d69041a5aa190a6e489be358', 'test', NULL, '39c0cf27c05a4eff8aba3be93ccb4bf6', '公共参数管理', 2, 'el-icon-yx-paste', NULL, '40', '2021-01-21 13:43:34', 'ggcsgl', '1', 0, '1');
INSERT INTO `admin_sm_menu` VALUES ('DF1A797285ED4A2F8C0BB14D561343AA', 'test', '24A93B02DBBF4527A9FBE312E73D5F00', '74d47cbb74d64263b5b2da4f18bfdd2d', '岗位管理', 30, 'el-icon-yx-chart-1', '岗位管理', '40', '2021-01-20 23:56:28', 'gwgl', '0', 0, '1');
INSERT INTO `admin_sm_menu` VALUES ('E95D3198608447ACB62AC15EAAC62F6D', 'test', '7A6A7D0581FD452A9224942D49909CD8', '0', '首页', 0, 'el-icon-yx-home', '首页', '40', '2021-01-21 00:12:57', 'sy', '0', 0, '1');
INSERT INTO `admin_sm_menu` VALUES ('ed03c7a1318f40fa9dadcba37209d286', 'test', 'a9ab28c38ea24518b21a00f3a7078742', 'dafdca98d69041a5aa190a6e489be358', '菜单配置', 4, 'el-icon-yx-database', '菜单配置', '40', '2021-01-21 13:43:34', 'cdpz', '0', 0, '1');
INSERT INTO `admin_sm_menu` VALUES ('f7e5e43f35fe40b49ada1a7f3dfbc4bf', 'test', '91A73ACB0D194590B79EC4C2D46D3718', '99d2457ae47d4e149c4e1a5b594d5716', '定时任务', 5, '', '', '40', '2021-03-02 16:18:52', NULL, '0', 0, '1');



-- ----------------------------
-- Records of admin_sm_menu_en_us
-- ----------------------------
INSERT INTO `admin_sm_menu_en_us` VALUES ('0', 'test', NULL, '-1', 'root', 5, NULL, 'root', '40', '2021-01-07 17:00:07', 'gjd', '1', 0, '1');
INSERT INTO `admin_sm_menu_en_us` VALUES ('009a8c075bd745f2a4860699425b6f14', 'test', 'c6f7d84e825341ee8286f3582c683901', '768fe25057394bf5a56be040ee420424', 'Exception Queue', 4, 'el-icon-yx-sphere', NULL, '40', '2020-04-26 09:56:46', NULL, '0', 0, '1');
INSERT INTO `admin_sm_menu_en_us` VALUES ('05e53e39cfc04d50a5a4371ff6294773', 'test', 'a473b91049d44943907b667c3b110823', 'e94ddc333f1248799ca5e31ec51d552a', 'My Commission', 7, 'el-icon-yx-cogs', NULL, '40', '2020-04-26 10:02:39', NULL, '0', 0, '1');
INSERT INTO `admin_sm_menu_en_us` VALUES ('11cbe28116f5495095750c18979405ae', 'test', NULL, 'e94ddc333f1248799ca5e31ec51d552a', 'My Meeting', 9, 'el-icon-yx-bubble', NULL, '40', '2020-04-26 10:03:32', NULL, '0', 0, '1');
INSERT INTO `admin_sm_menu_en_us` VALUES ('129ec68727224868a9e439cb9a24b63a', 'test', '3118801e74de4622ac824deed960c53a', 'e94ddc333f1248799ca5e31ec51d552a', 'My-done', 3, 'el-icon-yx-user-minus', NULL, '40', '2020-04-26 10:00:03', NULL, '0', 0, '1');
INSERT INTO `admin_sm_menu_en_us` VALUES ('149e56b12604410db8f6a34928a1ba4f', 'test', 'a837f42ea7054718a6ed199d2f16a5d0', 'edb70e2ba72c45358364c46c27f59432', 'Processing', 1, 'el-icon-yx-location', NULL, '40', '2020-04-26 11:02:18', NULL, '0', 0, '1');
INSERT INTO `admin_sm_menu_en_us` VALUES ('18A066E3C2154A7B97BCE9EE9D09E301', 'test', '7CA6A737A4474639AAA9CAC8F51352A1', 'dafdca98d69041a5aa190a6e489be358', 'Data Permission Temp', 15, 'el-icon-yx-chart-1', 'Data permission template configuration', '40', '2021-01-20 23:59:06', 'sjqxmbpz', '0', 0, '1');
INSERT INTO `admin_sm_menu_en_us` VALUES ('1939da3cbbb64daeb008ae1b54c5117b', 'test', 'caa38a80191d4235b8bb9824c98ef69a', 'aeb5196abaa64f25b7a2c47c6e4a9e69', 'Process Simulate', 2, 'el-icon-yx-newspaper', NULL, '40', '2020-04-26 09:51:45', NULL, '0', 0, '1');
INSERT INTO `admin_sm_menu_en_us` VALUES ('1B1B389E2F1F4F128F04D7EF4719A62A', 'test', 'F97DC4418B524F5996D9970411DB1E8D', '39B2968841334098AC9AABB7F782BC82', 'System Notice', 5, 'el-icon-yx-chart-1', 'System announcement', '40', '2021-01-21 00:06:19', 'xtgg', '0', 0, '1');
INSERT INTO `admin_sm_menu_en_us` VALUES ('1b3d5b4f121740f3bcdf7b66acd63add', 'test', '8099a5b031f64056b0ffab79019f5a9b', 'edb70e2ba72c45358364c46c27f59432', 'Completed', 2, 'el-icon-yx-gift', NULL, '40', '2020-04-26 11:04:27', NULL, '0', 0, '1');
INSERT INTO `admin_sm_menu_en_us` VALUES ('28B79650A4BD49E99A0EF88DF36B1420', 'test', 'E8E329A3077C4D3F83D472BB2EDBC8B7', '74d47cbb74d64263b5b2da4f18bfdd2d', 'User MGT', 15, 'el-icon-yx-chart-1', 'user management', '40', '2021-01-20 23:51:20', 'yhgl', '0', 0, '1');
INSERT INTO `admin_sm_menu_en_us` VALUES ('2c5b70fe79124261bd9edf85c7010568', 'test', 'a6c672765a334167b58613b50f57f0ea', 'e94ddc333f1248799ca5e31ec51d552a', 'My Finish', 4, 'el-icon-yx-user-check', NULL, '40', '2020-04-26 10:00:37', NULL, '0', 0, '1');
INSERT INTO `admin_sm_menu_en_us` VALUES ('2F1CE2C7129E40B9BEA1D231E6F607B5', 'test', '8753B193DB2D4B9EA37EDB3A70EE473C', 'dafdca98d69041a5aa190a6e489be358', 'Data Dict Config', 20, 'el-icon-yx-chart-1', 'Data dictionary configuration', '40', '2021-01-20 23:59:53', 'sjzdpz', '0', 0, '1');
INSERT INTO `admin_sm_menu_en_us` VALUES ('39B2968841334098AC9AABB7F782BC82', 'test', NULL, '0', 'Personal Center', 10, 'el-icon-yx-chart-1', '个人中心', '40', '2021-01-21 00:12:57', 'grzx', '1', 0, '1');
INSERT INTO `admin_sm_menu_en_us` VALUES ('39c0cf27c05a4eff8aba3be93ccb4bf6', 'test', NULL, '0', 'System MGT', 5, 'el-icon-yx-map', '', '40', '2021-03-25 09:28:35', 'xtgl', '1', 0, '1');
INSERT INTO `admin_sm_menu_en_us` VALUES ('3a3e7e1249934fc899bd90c81187bddf', 'test', 'd52302d8bd124c88a9afb9b34d678c2d', '768fe25057394bf5a56be040ee420424', 'Running instance monitoring', 2, 'el-icon-yx-price-tag', NULL, '40', '2020-04-26 09:55:52', NULL, '0', 0, '1');
INSERT INTO `admin_sm_menu_en_us` VALUES ('3C11954C1A0B45E58F8E29F6333ABDCF', 'test', '6810951EADB94581AC1A4F5D1177CC8B', 'dafdca98d69041a5aa190a6e489be358', 'System Prompt Msg MGT', 30, 'el-icon-yx-chart-1', 'System prompt message management', '40', '2021-01-21 00:01:30', 'xttsxxgl', '0', 0, '1');
INSERT INTO `admin_sm_menu_en_us` VALUES ('41aa202dd22d4ad4af569541e2737391', 'test', 'd2d7f69ef09447719f54eaa0725d6bb3', '768fe25057394bf5a56be040ee420424', 'Global monitoring', 1, 'el-icon-yx-compass2', NULL, '40', '2020-04-26 09:55:24', NULL, '0', 0, '1');
INSERT INTO `admin_sm_menu_en_us` VALUES ('45929301250A47E2999734F0E0EBFFCA', 'test', '5BC817347E054D648C6940C1498CD5B2', '74d47cbb74d64263b5b2da4f18bfdd2d', 'Department MGT', 25, 'el-icon-yx-chart-1', 'Department management', '40', '2021-01-20 23:55:18', 'bmgl', '0', 0, '1');
INSERT INTO `admin_sm_menu_en_us` VALUES ('47556a4c54da42d5bc9ad8d87f36c7d5', 'test', 'b52cab9273cb472b9cf6d88e5aca497c', 'e94ddc333f1248799ca5e31ec51d552a', 'Initiation example', 1, 'el-icon-yx-copy', NULL, '40', '2020-04-26 09:59:00', NULL, '0', 0, '1');
INSERT INTO `admin_sm_menu_en_us` VALUES ('4f41b539a727424b88f77415600728ae', 'test', '8452109860c947d89663d65a3f424056', '74d47cbb74d64263b5b2da4f18bfdd2d', 'Function Authority', 7, 'el-icon-yx-spinner5', 'Function authorization', '40', '2021-03-25 09:59:51', 'glsq', '0', 0, '1');
INSERT INTO `admin_sm_menu_en_us` VALUES ('574908bc8df946e598a33c97fb4c313d', 'test', 'c76c994182ea4e4fa8349179099abce6', 'e94ddc333f1248799ca5e31ec51d552a', 'My Project Pool', 8, 'el-icon-yx-binoculars', NULL, '40', '2020-04-26 10:03:06', NULL, '0', 0, '1');
INSERT INTO `admin_sm_menu_en_us` VALUES ('5F10CCBDE81F4FCD948E5363637534F8', 'test', '40F5579911E4481BACFD2218625BFC49', '74d47cbb74d64263b5b2da4f18bfdd2d', 'Organization MGT', 10, 'el-icon-yx-chart-1', 'Organizational management', '40', '2021-01-20 23:46:50', 'jggl', '0', 0, '1');
INSERT INTO `admin_sm_menu_en_us` VALUES ('68efd6082a984e878a20bb97fc92b41b', 'test', 'fd7acade58684346a18df612724d31ed', 'aeb5196abaa64f25b7a2c47c6e4a9e69', 'Business Config', 3, 'el-icon-yx-home3', NULL, '40', '2020-04-26 09:52:11', NULL, '0', 0, '1');
INSERT INTO `admin_sm_menu_en_us` VALUES ('6a55fa64482d430da4cdff4aad973e47', 'test', '3ae7fa39b05546d8afcbe2c2d77722dc', 'e94ddc333f1248799ca5e31ec51d552a', 'My-CC', 6, 'el-icon-yx-map2', NULL, '40', '2020-04-26 10:02:25', NULL, '0', 0, '1');
INSERT INTO `admin_sm_menu_en_us` VALUES ('74d47cbb74d64263b5b2da4f18bfdd2d', 'test', NULL, '39c0cf27c05a4eff8aba3be93ccb4bf6', 'Authorization MGT', 1, 'el-icon-yx-home', 'Authority management', '40', '2021-01-21 13:43:34', 'qxgl', '1', 0, '1');
INSERT INTO `admin_sm_menu_en_us` VALUES ('768fe25057394bf5a56be040ee420424', 'test', NULL, 'aeb5196abaa64f25b7a2c47c6e4a9e69', 'Process Monitor', 5, 'el-icon-yx-folder-minus', NULL, '40', '2020-04-26 09:53:39', NULL, '0', 0, '1');
INSERT INTO `admin_sm_menu_en_us` VALUES ('772053935ede469ba7ec036e516cc6e2', 'test', '90d24357049a44d1a1e30cbdbdaba0e6', '768fe25057394bf5a56be040ee420424', 'Staff to-do monitoring', 5, NULL, NULL, '40', '2020-04-26 09:57:13', NULL, '0', 0, '1');
INSERT INTO `admin_sm_menu_en_us` VALUES ('777d2d0b29bf47499982085e07c4d7c6', 'test', '5707b30b30ad44709081c4ebad66425b', '768fe25057394bf5a56be040ee420424', 'Complete instance monitoring', 3, 'el-icon-yx-lifebuoy', NULL, '40', '2020-04-26 09:56:20', NULL, '0', 0, '1');
INSERT INTO `admin_sm_menu_en_us` VALUES ('7CD3CF7356794318A9A914A7A8030B15', 'test', '8112315C5E9245BA904EA09DC9821D80', 'C4E71C8904E64B2D97C061724CEB3F1F', 'Log MGT', 5, 'el-icon-yx-chart-1', 'Log management', '40', '2021-01-21 00:04:01', 'rzgl', '0', 0, '1');
INSERT INTO `admin_sm_menu_en_us` VALUES ('869baf3c788448668f8e98fbc9687fde', 'test', '62B7B96DEFA34359B003F082F791D6B2', '74d47cbb74d64263b5b2da4f18bfdd2d', 'Policy MGT', 35, 'yu-icon-arrs-left', 'Policy management', '40', '2021-04-07 14:21:57', NULL, '0', 0, '1');
INSERT INTO `admin_sm_menu_en_us` VALUES ('916357f8af694b1ebb6b93c2b25dadb3', 'test', NULL, 'aeb5196abaa64f25b7a2c47c6e4a9e69', 'Advanced Config', 4, 'el-icon-yx-price-tag', NULL, '40', '2020-04-26 09:52:48', NULL, '0', 0, '1');
INSERT INTO `admin_sm_menu_en_us` VALUES ('97b6f77e94c7453fa422ec8bc0827590', 'test', '60e20517f4134223a1eacbfddc4b898d', 'aeb5196abaa64f25b7a2c47c6e4a9e69', 'Process Define', 1, 'el-icon-yx-menu-1', NULL, '40', '2020-04-26 09:51:17', NULL, '0', 0, '1');
INSERT INTO `admin_sm_menu_en_us` VALUES ('99d2457ae47d4e149c4e1a5b594d5716', 'test', NULL, '0', 'Task Scheduling', 20, 'yu-icon-share', '', '40', '2021-03-02 16:17:48', NULL, '1', 0, '1');
INSERT INTO `admin_sm_menu_en_us` VALUES ('9C0AAA98C2FF4A3493AD02DB5249FE59', 'test', 'E7AC13803C0C4E6A945EEC933DC733F8', 'dafdca98d69041a5aa190a6e489be358', 'Control Point MGT', 10, 'el-icon-yx-chart-1', 'Control point management', '40', '2021-01-20 23:57:53', 'kzdgl', '0', 0, '1');
INSERT INTO `admin_sm_menu_en_us` VALUES ('a70c9cce715a4c73b6827a7f7ba337cc', 'test', 'f797fc7fc21941739201eb88d620030d', 'e94ddc333f1248799ca5e31ec51d552a', 'My to-do List', 2, 'el-icon-yx-users', NULL, '40', '2020-04-26 09:59:34', NULL, '0', 0, '1');
INSERT INTO `admin_sm_menu_en_us` VALUES ('aeb5196abaa64f25b7a2c47c6e4a9e69', 'test', NULL, '39c0cf27c05a4eff8aba3be93ccb4bf6', 'Process MGT', 4, NULL, NULL, '40', '2020-04-26 09:50:34', NULL, '0', 0, '1');
INSERT INTO `admin_sm_menu_en_us` VALUES ('B2D8D34DF0B14E93BCAC68AEEB24C4C6', 'test', 'B7C7026571514B68AA9CDA5CB0DE7446', '74d47cbb74d64263b5b2da4f18bfdd2d', 'Role MGT', 20, 'el-icon-yx-chart-1', 'Role management', '40', '2021-01-20 23:54:11', 'jsgl', '0', 0, '1');
INSERT INTO `admin_sm_menu_en_us` VALUES ('B4411741F5D14CE3ACECE21C50F1C6F6', 'test', '8AFA78FC0EF149ED848B0D0370BC6E27', 'dafdca98d69041a5aa190a6e489be358', 'System Parameter', 25, 'el-icon-yx-chart-1', 'System parameter', '40', '2021-01-21 00:00:41', 'xtcs', '0', 0, '1');
INSERT INTO `admin_sm_menu_en_us` VALUES ('c228f7c0c45a4cf9a712b04eb93df5f6', 'test', 'c1fa76f984bf438fb5d15408cae8d233', '916357f8af694b1ebb6b93c2b25dadb3', 'Entrust Config', 1, 'el-icon-yx-barcode', NULL, '40', '2020-04-26 09:54:23', NULL, '0', 0, '1');
INSERT INTO `admin_sm_menu_en_us` VALUES ('c4cb2d8b614e43528ac802daa9834a28', 'test', '16BB69F16B524298BCC47AF85231BCD0', '74d47cbb74d64263b5b2da4f18bfdd2d', 'Data authorization', 40, '', '', '40', '2021-04-26 11:46:56', NULL, '0', 0, '1');
INSERT INTO `admin_sm_menu_en_us` VALUES ('C4E71C8904E64B2D97C061724CEB3F1F', 'test', NULL, '39c0cf27c05a4eff8aba3be93ccb4bf6', 'System Monitoring', 15, 'el-icon-yx-chart-1', 'System monitoring', '40', '2021-01-21 00:02:29', 'xtjk', '1', 0, '1');
INSERT INTO `admin_sm_menu_en_us` VALUES ('d9f19e59fcc14084b182e6ed2b9ec0a6', 'test', 'bb1c1d59d9954897b3874476812a6804', '916357f8af694b1ebb6b93c2b25dadb3', 'Project Pool Config', 2, 'el-icon-yx-download', NULL, '40', '2020-04-26 09:54:50', NULL, '0', 0, '1');
INSERT INTO `admin_sm_menu_en_us` VALUES ('dafdca98d69041a5aa190a6e489be358', 'test', NULL, '39c0cf27c05a4eff8aba3be93ccb4bf6', 'Public Parameter MGT', 2, 'el-icon-yx-paste', NULL, '40', '2021-01-21 13:43:34', 'ggcsgl', '1', 0, '1');
INSERT INTO `admin_sm_menu_en_us` VALUES ('DF1A797285ED4A2F8C0BB14D561343AA', 'test', '24A93B02DBBF4527A9FBE312E73D5F00', '74d47cbb74d64263b5b2da4f18bfdd2d', 'Duty MGT', 30, 'el-icon-yx-chart-1', 'Post management', '40', '2021-01-20 23:56:28', 'gwgl', '0', 0, '1');
INSERT INTO `admin_sm_menu_en_us` VALUES ('e4131ef72be3444bbcd0d3f881679dbf', 'test', '3716a15cf1ff4e00bcb0af391b92a89d', '11cbe28116f5495095750c18979405ae', 'Will Vote', 2, 'el-icon-yx-user-tie', NULL, '40', '2020-04-26 10:04:22', NULL, '0', 0, '1');
INSERT INTO `admin_sm_menu_en_us` VALUES ('e94ddc333f1248799ca5e31ec51d552a', 'test', NULL, '39c0cf27c05a4eff8aba3be93ccb4bf6', 'My Workbench', 2, 'el-icon-yx-user', NULL, '40', '2020-04-26 09:58:36', NULL, '0', 0, '1');
INSERT INTO `admin_sm_menu_en_us` VALUES ('E95D3198608447ACB62AC15EAAC62F6D', 'test', '7A6A7D0581FD452A9224942D49909CD8', '0', 'Home', 0, 'el-icon-yx-home', 'Home page', '40', '2021-01-21 00:12:57', 'sy', '0', 0, '1');
INSERT INTO `admin_sm_menu_en_us` VALUES ('eba8aeca0959461092f5e3b1d32ffc6c', 'test', 'cb1b5ce207fa44ceb97cf45036b50268', '11cbe28116f5495095750c18979405ae', 'Secretary-Will-Do', 1, 'el-icon-yx-bubbles', NULL, '40', '2020-04-26 10:03:55', NULL, '0', 0, '1');
INSERT INTO `admin_sm_menu_en_us` VALUES ('ed03c7a1318f40fa9dadcba37209d286', 'test', 'a9ab28c38ea24518b21a00f3a7078742', 'dafdca98d69041a5aa190a6e489be358', 'Menu Config', 4, 'el-icon-yx-database', 'Menu configuration', '40', '2021-01-21 13:43:34', 'cdpz', '0', 0, '1');
INSERT INTO `admin_sm_menu_en_us` VALUES ('edb70e2ba72c45358364c46c27f59432', 'test', NULL, 'e94ddc333f1248799ca5e31ec51d552a', 'My Initiation', 5, 'el-icon-yx-spinner', NULL, '40', '2020-04-26 10:01:01', NULL, '0', 0, '1');
INSERT INTO `admin_sm_menu_en_us` VALUES ('f94838cc747d4d5fa4a54208bf1e42b5', 'test', '42E22549FA8A4EBD962FFF5DB152B5C3', '39B2968841334098AC9AABB7F782BC82', 'Regular Querying', 10, '', '', '40', '2021-03-15 21:38:12', NULL, '0', 0, '1');
INSERT INTO `admin_sm_menu_en_us` VALUES ('fbdf32e65af740cbbb9c381b70f1582c', 'test', '91A73ACB0D194590B79EC4C2D46D3718', '99d2457ae47d4e149c4e1a5b594d5716', 'Timed Task', 5, '', '', '40', '2021-03-11 10:07:40', NULL, '0', 0, '1');



-- ----------------------------
-- Records of admin_sm_message
-- ----------------------------
INSERT INTO `admin_sm_message` VALUES ('006f02df55dc430b9641ac5aa06de79c', '40100045', 'info', 'Jenkins无法访问,请确认是否正确配置地址信息!', 'MODULEINFO', '管控平台服务', '40', '2019-12-20 13:59:01', '1');
INSERT INTO `admin_sm_message` VALUES ('01763679f01f488cbf907d77e4de9bb5', '200007', 'warning', '文件不存在', 'MODULEINFO', '文件模块', '40', '2018-05-25 16:42:25', '1');
INSERT INTO `admin_sm_message` VALUES ('0182ce0000c54941aa0451e6a5c6bc7c', '10100019', 'info', '只能且必须包含大写、数字和特殊字符', 'MODULEINFO', 'uaa认证服务', '40', '2019-12-20 11:28:25', '1');
INSERT INTO `admin_sm_message` VALUES ('0269f967951a408989ff7e3634b93d32', '40100042', 'info', 'Harbor配置信息存在错误,请确认!', 'MODULEINFO', '管控平台服务', '40', '2019-12-20 13:58:06', '1');
INSERT INTO `admin_sm_message` VALUES ('02c569682a3b436491f36f07959463b7', '300008', 'error', '用户账号{}已存在', 'MODULEINFO', NULL, '40', '2018-05-31 19:08:00', '1');
INSERT INTO `admin_sm_message` VALUES ('0401647671ad4897871862c9b5eaf7d3', '10200005', 'error', '您好，该时间段不允许登录系统，请您谅解!', 'MODULEINFO', 'uaa认证服务', '40', '2021-04-27 16:19:21', '1');
INSERT INTO `admin_sm_message` VALUES ('04f2fa6d176b47b79ef72dc697ff434c', '20100033', 'info', '成功删除{}条数据,有{}条数据由于关联菜单，无法删除!', 'MODULEINFO', 'yusp-app-framework基础服务', '40', '2019-12-20 11:57:58', '1');
INSERT INTO `admin_sm_message` VALUES ('05ca387aeedb477290f0f5772595c852', '40100027', 'info', '对应IP：{}, 收集器：{} 已存在，不能新增！', 'MODULEINFO', '管控平台服务', '40', '2019-12-20 13:53:31', '1');
INSERT INTO `admin_sm_message` VALUES ('07994371b4994836b69246bdb8e0f044', '200200', 'error', '测试集定时表达式为空', 'MODULEINFO', '测试实验室', '313132fa5bee4a97a494642c14c4fa8d', '2018-06-06 13:28:56', '1');
INSERT INTO `admin_sm_message` VALUES ('096620cd43f54ef492a65d6d7bfeae44', '10100015', 'info', '只能且必须包含大写和特殊字符', 'MODULEINFO', 'uaa认证服务', '40', '2019-12-20 11:26:01', '1');
INSERT INTO `admin_sm_message` VALUES ('0B0565E0089741A594AAB9842D59AFDE', '10101000', 'error', '密码长度必须在 {0} - {1}个字符之间', 'MODULEINFO', '密码策略', '40', '2021-04-07 17:04:21', '1');
INSERT INTO `admin_sm_message` VALUES ('0b89a19e1a3e441dafb86eb4fd54caf7', '10300006', 'error', '密码逾期失效,请联系管理员!', 'MODULEINFO', 'uaa认证服务', '40', '2021-04-27 16:38:06', '1');
INSERT INTO `admin_sm_message` VALUES ('0bedf8cf66864d92bcfe85c729bddc3b', '10100010', 'info', '只能且必须包含数字和小写字母', 'MODULEINFO', 'uaa认证服务', '40', '2019-12-20 11:23:27', '1');
INSERT INTO `admin_sm_message` VALUES ('0d1d9efe35434ecf9fcc40df3ef9c6ac', '20100035', 'info', '成功删除{}条数据,有{}条数据由于关联菜单和控制点，无法删除!', 'MODULEINFO', 'yusp-app-framework基础服务', '40', '2019-12-20 11:58:33', '1');
INSERT INTO `admin_sm_message` VALUES ('0fa5e13fda234c8dac6e92c1013782dd', '20100004', 'info', '信息码已存在，请勿重复', 'MODULEINFO', 'yusp-app-framework基础服务', '40', '2019-12-20 11:45:04', '1');
INSERT INTO `admin_sm_message` VALUES ('11756D6146FB41CE97CCAC7EFF67FAFC', '10101005', 'error', '密码中必须有 {0} 个小写', 'MODULEINFO', '密码策略', '40', '2021-04-07 17:29:54', '1');
INSERT INTO `admin_sm_message` VALUES ('138ffb8407654bc88e6632011584fcf2', '30100008', 'info', '请输入格式正确的“Cron”', 'MODULEINFO', 'yusp-platform-service组件服务', '40', '2019-12-20 12:06:10', '1');
INSERT INTO `admin_sm_message` VALUES ('1834bffbaa104bd79e57bd12b9397a8e', '10100012', 'info', '只能且必须包含数字、大写、小写字母', 'MODULEINFO', 'uaa认证服务', '40', '2019-12-20 11:25:03', '1');
INSERT INTO `admin_sm_message` VALUES ('18356d5e5a414b26b752a1e49216d828', '10100014', 'info', '只能且必须包含数字和特殊字符', 'MODULEINFO', 'uaa认证服务', '40', '2019-12-20 11:25:41', '1');
INSERT INTO `admin_sm_message` VALUES ('18A975E81E274EF2A75BF4ABD8AA2581', '10101004', 'error', '密码中必须有 {0} 个大写', 'MODULEINFO', '密码策略', '40', '2021-04-07 17:29:24', '1');
INSERT INTO `admin_sm_message` VALUES ('1a18a5136c7a4415b67482d5accfed5f', '200504', 'error', '待测系统环境配置为空或缺失必填项', 'MODULEINFO', '测试用例', '40', '2018-05-30 11:52:26', '1');
INSERT INTO `admin_sm_message` VALUES ('1e368dc2fa854aa9b90f0c746893he27', '51100003', 'error', '用户账号或客户端编号不能为空', 'MODULEINFO', 'oca_SmUser', 'admin', '2012-04-01 10:27:22', '1');
INSERT INTO `admin_sm_message` VALUES ('1e5c47960409474a914b581e558e6e0b', '40100034', 'info', '已存在菜单配置路径!', 'MODULEINFO', '管控平台服务', '40', '2019-12-20 13:55:43', '1');
INSERT INTO `admin_sm_message` VALUES ('1ea00616475046128bb62583974450d5', '223001', 'error', '查询失败！', 'MODULEINFO', NULL, '313132fa5bee4a97a494642c14c4fa8d', '2018-05-25 14:24:36', '1');
INSERT INTO `admin_sm_message` VALUES ('1ec66b71dec4499586a5d72568f09c41', '40100038', 'info', 'Harbor配置信息存在错误,请确认!', 'MODULEINFO', '管控平台服务', '40', '2019-12-20 13:56:53', '1');
INSERT INTO `admin_sm_message` VALUES ('1efe85e006244339819612bf430f9b43', '40100029', 'info', '删除快照成功！', 'MODULEINFO', '管控平台服务', '40', '2019-12-20 13:54:06', '1');
INSERT INTO `admin_sm_message` VALUES ('1f106d0d924d4829abb9358c58a01d88', '40100020', 'info', '该服务名称已被收集配置使用，服务名称不能修改！需先删除对应日志收集配置！', 'MODULEINFO', '管控平台服务', '40', '2019-12-20 13:51:21', '1');
INSERT INTO `admin_sm_message` VALUES ('20001c5edafd4a83a7aaf0aed5664b53', '30100028', 'info', '数据不存在！', 'MODULEINFO', 'yusp-platform-service组件服务', '40', '2019-12-20 12:12:05', '1');
INSERT INTO `admin_sm_message` VALUES ('2162adaf211a4c95b2f9c8233140c2b1', '30100026', 'info', '序列模版及对应序列删除成功！', 'MODULEINFO', 'yusp-platform-service组件服务', '40', '2019-12-20 12:11:33', '1');
INSERT INTO `admin_sm_message` VALUES ('255becf34a3c479d9937cccb116a4154', '40100006', 'info', '实时刷新网关配置信息异常', 'MODULEINFO', '管控平台服务', '40', '2019-12-20 13:44:53', '1');
INSERT INTO `admin_sm_message` VALUES ('26bb3f6a7bba4f678c7e67414bc21aeb', '200503', 'error', '报文保存异常', 'MODULEINFO', '测试用例', '40', '2018-05-30 11:51:54', '1');
INSERT INTO `admin_sm_message` VALUES ('29132b522c4e42c881eb6a1cea0d26e1', '10200008', 'warning', '请注意,当前为非常用IP登录!', 'MODULEINFO', 'uaa认证服务', '40', '2019-12-20 11:38:05', '1');
INSERT INTO `admin_sm_message` VALUES ('2960f9a09e674a059849769b81e347c9', '40100044', 'info', 'Jenkins上无该应用的构建任务,请确认是否正确填写该应用的Jenkins配置名称!', 'MODULEINFO', '管控平台服务', '40', '2019-12-20 13:58:42', '1');
INSERT INTO `admin_sm_message` VALUES ('29789bffe8234302917de068aab0b481', '20100028', 'info', '成功删除{}条数据,有{}条数据由于存在用户和下级部门，无法删除!', 'MODULEINFO', 'yusp-app-framework基础服务', '40', '2019-12-20 11:56:29', '1');
INSERT INTO `admin_sm_message` VALUES ('2bd21bad028a436a9e6d6e8aea8f9f83', '40100007', 'info', '实时刷新服务白名单配置信息异常', 'MODULEINFO', '管控平台服务', '40', '2019-12-20 13:47:23', '1');
INSERT INTO `admin_sm_message` VALUES ('2c8fd288ed0248d98b86c5790d1d2d5a', '30100002', 'info', '请输入备注', 'MODULEINFO', 'yusp-platform-service组件服务', '40', '2019-12-20 12:04:09', '1');
INSERT INTO `admin_sm_message` VALUES ('3276c3165bec43d988d13c8a6493e185', '10300007', 'error', '用户未生效!', 'MODULEINFO', 'uaa认证服务', '40', '2021-04-27 14:05:34', '1');
INSERT INTO `admin_sm_message` VALUES ('32b00c60b50e478088261a812985e89b', '10200004', 'warning', '您已经{}天没有修改密码了，请注意及时更新密码。', 'MODULEINFO', 'uaa认证服务', '40', '2019-12-20 11:36:51', '1');
INSERT INTO `admin_sm_message` VALUES ('332f78ab46f0419aaa2dd18ef12c5b77', '20100000', 'info', '数据字典缓存更新成功!', 'MODULEINFO', 'yusp-app-framework基础服务', '40', '2019-12-20 11:41:21', '1');
INSERT INTO `admin_sm_message` VALUES ('343debfd27e24020a05b514c2c60968c', '200006', 'warning', '上传文件已存在', 'MODULEINFO', '文件模块', '40', '2018-05-25 16:31:41', '1');
INSERT INTO `admin_sm_message` VALUES ('36ba510f32754f7ba2110735a6a59bcb', '10100020', 'info', '只能且必须包含数字、大写、小写和特殊字符', 'MODULEINFO', 'uaa认证服务', '40', '2019-12-20 11:28:45', '1');
INSERT INTO `admin_sm_message` VALUES ('3947ffa076dd454eaaecfbf13052482a', '40100012', 'info', '集群名已存在', 'MODULEINFO', '管控平台服务', '40', '2019-12-20 13:49:00', '1');
INSERT INTO `admin_sm_message` VALUES ('3ae05cc6d716431391b1a93c6e4ff680', '40100015', 'info', '当前集群存在服务，无法删除！', 'MODULEINFO', '管控平台服务', '40', '2019-12-20 13:49:51', '1');
INSERT INTO `admin_sm_message` VALUES ('402faad192bb45a0b2722e6e9ecc3d76', '20100034', 'info', '成功删除{}条数据,有{}条数据由于关联控制点，无法删除!', 'MODULEINFO', 'yusp-app-framework基础服务', '40', '2019-12-20 11:58:14', '1');
INSERT INTO `admin_sm_message` VALUES ('406f65cb268d4f01996955a3f84ff638', '40100013', 'info', '当前集群存在主机，无法删除！', 'MODULEINFO', '管控平台服务', '40', '2019-12-20 13:49:18', '1');
INSERT INTO `admin_sm_message` VALUES ('40e3eb5f131045bfa423a7a173c7f9b6', '200102', 'error', '将报文内容翻译成DataFormat异常！', 'MODULEINFO', '用例设计与调试', '40', '2018-05-10 10:49:32', '1');
INSERT INTO `admin_sm_message` VALUES ('43d5a9f1e4d946a18a0c9ec6cc85cc2e', '10300008', 'error', '密码输入错误次数超过上限,请半个小时后再试!', 'MODULEINFO', 'uaa认证服务', '40', '2021-04-27 16:12:33', '1');
INSERT INTO `admin_sm_message` VALUES ('465691b67b0b4b16b1fb792f03dd3a81', '40100009', 'info', '该服务名称已存在,请勿重复！', 'MODULEINFO', '管控平台服务', '40', '2019-12-20 13:48:01', '1');
INSERT INTO `admin_sm_message` VALUES ('47166f71dfec46d5a5068c381dae846f', '40100016', 'info', '服务名【{}】已存在一条鉴权规则，请勿重复配置', 'MODULEINFO', '管控平台服务', '40', '2019-12-20 13:50:07', '1');
INSERT INTO `admin_sm_message` VALUES ('4ac0bf47a744415c892d1623367665dd', '20100016', 'info', '成功删除{}条数据,有{}条数据由于存在机构数据，无法删除!', 'MODULEINFO', 'yusp-app-framework基础服务', '40', '2019-12-20 11:52:39', '1');
INSERT INTO `admin_sm_message` VALUES ('4aeb570c2cc843f48fb9c47e46c87c64', '30100019', 'info', '新增任务失败', 'MODULEINFO', 'yusp-platform-service组件服务', '40', '2019-12-20 12:09:15', '1');
INSERT INTO `admin_sm_message` VALUES ('50165eff4d2a480b9793796699233851', '200502', 'error', '报文拆包异常', 'MODULEINFO', '测试用例', '40', '2018-05-30 11:51:34', '1');
INSERT INTO `admin_sm_message` VALUES ('51b5ebea5f1a42b4823f8ec9935acf43', '40100033', 'info', '账号已存在', 'MODULEINFO', '管控平台服务', '40', '2019-12-20 13:55:16', '1');
INSERT INTO `admin_sm_message` VALUES ('53fa65bd077c416cbb88261a21c2d9ff', '20100022', 'info', '机构代码为：{},机构名称为:{}的数据已经存在。', 'MODULEINFO', 'yusp-app-framework基础服务', '40', '2019-12-20 11:54:25', '1');
INSERT INTO `admin_sm_message` VALUES ('540d8be59aa8430dbefaca36ba99a08d', '40100003', 'info', '实时刷新服务降级配置信息异常', 'MODULEINFO', '管控平台服务', '40', '2019-12-20 13:44:01', '1');
INSERT INTO `admin_sm_message` VALUES ('5451f9351c7c46d8a1e95afe550f0157', '30100005', 'info', '该执行器正在被使用,无法删除!', 'MODULEINFO', 'yusp-platform-service组件服务', '40', '2019-12-20 12:05:14', '1');
INSERT INTO `admin_sm_message` VALUES ('56E90CF9D33D46F7B595D1C3FA12F3F0', '10101002', 'error', '密码包含 {1} 个 {0}, 但是至多只允许 {2} 个', 'MODULEINFO', '密码策略', '40', '2021-04-07 17:26:54', '1');
INSERT INTO `admin_sm_message` VALUES ('5cf1a093fcda414f947d38a8bc917ed4', '40100026', 'info', '此配置名称已存在，不能修改！', 'MODULEINFO', '管控平台服务', '40', '2019-12-20 13:53:13', '1');
INSERT INTO `admin_sm_message` VALUES ('604351a8c5f24d438802f02a72c89fbc', '10000002', 'error', '首次登录请修改密码!', 'MODULEINFO', 'uaa认证服务', '40', '2021-04-27 16:34:14', '1');
INSERT INTO `admin_sm_message` VALUES ('606c24e5355b463ca5f48bd30bb46573', '10100008', 'info', '只能设置小写字母', 'MODULEINFO', 'uaa认证服务', '40', '2019-12-20 11:22:45', '1');
INSERT INTO `admin_sm_message` VALUES ('61d7d9773c3f40dbbbb0acdf5e01ad93', '40100035', 'info', '当前管控用户已设置apollo权限，请重新设置用户！', 'MODULEINFO', '管控平台服务', '40', '2019-12-20 13:56:00', '1');
INSERT INTO `admin_sm_message` VALUES ('632d4d4fae23432daba76a9e2a1e881e', '20100023', 'info', '成功停用{}条数据,有{}条数据由于有关联数据无法停用!', 'MODULEINFO', 'yusp-app-framework基础服务', '40', '2019-12-20 11:54:42', '1');
INSERT INTO `admin_sm_message` VALUES ('651da89fd9ac471285eca27c55409e40', '30100029', 'info', '序列号已经生成！', 'MODULEINFO', 'yusp-platform-service组件服务', '40', '2019-12-20 12:12:22', '1');
INSERT INTO `admin_sm_message` VALUES ('653f5a1aa0274af7ba12d52ac2e382d9', '40100011', 'info', '请先前往【镜像仓库】配置仓库信息！', 'MODULEINFO', '管控平台服务', '40', '2019-12-20 13:48:40', '1');
INSERT INTO `admin_sm_message` VALUES ('6777cca7a5814a04bb1e53a5a6a67c58', '10300004', 'error', '当前在线人数已达上限!', 'MODULEINFO', 'uaa认证服务', '40', '2019-12-20 11:39:29', '1');
INSERT INTO `admin_sm_message` VALUES ('677FC58BBC92DFC9E050A8C09EFB0857', '300005', 'error', '逻辑系统名称已存在', 'MODULEINFO', NULL, '40', '2018-03-15 10:20:15', '1');
INSERT INTO `admin_sm_message` VALUES ('677FC58BBC93DFC9E050A8C09EFB0857', '300006', 'error', '逻辑系统代码{}已存在', 'MODULEINFO', NULL, '40', '2018-05-31 17:49:14', '1');
INSERT INTO `admin_sm_message` VALUES ('68348dc2fa854aa9b990f0c146893ce7', '50200003', 'error', '岗位代码不能为空', 'MODULEINFO', 'oca_Duty', 'admin', '2012-04-01 10:27:22', '1');
INSERT INTO `admin_sm_message` VALUES ('6a52b50c06ee49108f0252b86e3ca395', '10200003', 'warning', '密码将于{}天后过期，请注意及时更新密码!', 'MODULEINFO', 'uaa认证服务', '40', '2019-12-20 11:36:34', '1');
INSERT INTO `admin_sm_message` VALUES ('6b1b55540e5242ddacf41e615feee67a', '20100031', 'info', '成功停用{}条数据,有{}条数据由于存在用户，无法停用!', 'MODULEINFO', 'yusp-app-framework基础服务', '40', '2019-12-20 11:57:22', '1');
INSERT INTO `admin_sm_message` VALUES ('6c3adcd033dd4568ae05b801d25856f6', '40100002', 'info', '实时同步Apollo异常：{}', 'MODULEINFO', '管控平台服务', '40', '2019-12-20 13:43:43', '1');
INSERT INTO `admin_sm_message` VALUES ('6ca8a3c2ac3c4ec4ab0c9825f86125b8', '40100037', 'info', '未找到类型:{}的处理实现', 'MODULEINFO', '管控平台服务', '40', '2019-12-20 13:56:35', '1');
INSERT INTO `admin_sm_message` VALUES ('6d2aed0fe88b4a4b9eab46278490dc44', '20100013', 'info', '成功停用{}条数据!', 'MODULEINFO', 'yusp-app-framework基础服务', '40', '2019-12-20 11:48:43', '1');
INSERT INTO `admin_sm_message` VALUES ('6f2411b5551b447780b3b9748a50cbd6', '10300003', 'error', '超过登录尝试次数,用户已被禁止,请联系管理员', 'MODULEINFO', 'uaa认证服务', '40', '2019-12-20 11:39:11', '1');
INSERT INTO `admin_sm_message` VALUES ('6f733b5707914f20a448f618ed44c7ca', '20100012', 'info', '未知20100012', 'MODULEINFO', 'yusp-app-framework基础服务', '40', '2019-12-20 11:48:10', '1');
INSERT INTO `admin_sm_message` VALUES ('71609066b06c490187f1be98b820f74d', '40100010', 'info', '该Jenkins名称已存在,请勿重复！', 'MODULEINFO', '管控平台服务', '40', '2019-12-20 13:48:23', '1');
INSERT INTO `admin_sm_message` VALUES ('72142a764233467cbae7712b0c537c6f', '40100028', 'info', '快照仓库不存在，请先注册快照仓库', 'MODULEINFO', '管控平台服务', '40', '2019-12-20 13:53:49', '1');
INSERT INTO `admin_sm_message` VALUES ('72691a61e2094b3e8a016da6219444d2', '30100030', 'info', '此配置已生成相应序列，请勿重复生成！', 'MODULEINFO', 'yusp-platform-service组件服务', '40', '2019-12-20 12:12:38', '1');
INSERT INTO `admin_sm_message` VALUES ('72f60bed51284ef19f131553940b853e', '40100039', 'info', 'Harbor仓库未找到项目', 'MODULEINFO', '管控平台服务', '40', '2019-12-20 13:57:14', '1');
INSERT INTO `admin_sm_message` VALUES ('736ecd649853425589460ab09d9c7974', '30100033', 'info', '尚未生成此配置相关联的序列，无需删除！', 'MODULEINFO', 'yusp-platform-service组件服务', '40', '2019-12-20 12:13:28', '1');
INSERT INTO `admin_sm_message` VALUES ('752ef681674a4e159c4a957ce5a0cc60', '30100003', 'info', '备注长度应该在4至100之间', 'MODULEINFO', 'yusp-platform-service组件服务', '40', '2019-12-20 12:04:29', '1');
INSERT INTO `admin_sm_message` VALUES ('76ec71bbd51b48808918fcf17b673eea', '10000003', 'error', '用户认证策略状态-错误码', 'MODULEINFO', 'uaa认证服务', '40', '2019-12-20 11:32:26', '1');
INSERT INTO `admin_sm_message` VALUES ('792d822ea1804d31b0c927ae629b4de0', '30100015', 'info', '请输入“JobHandler”', 'MODULEINFO', 'yusp-platform-service组件服务', '40', '2019-12-20 12:08:10', '1');
INSERT INTO `admin_sm_message` VALUES ('7a6691392c584f9c8157fb2e78322fa7', '30100009', 'info', '请输入“任务描述”', 'MODULEINFO', 'yusp-platform-service组件服务', '40', '2019-12-20 12:06:28', '1');
INSERT INTO `admin_sm_message` VALUES ('7a882e0f0e2e4aac8fb0a46d3294aab7', '10100003', 'info', '未知', 'MODULEINFO', 'uaa认证服务', '40', '2019-12-20 11:19:12', '1');
INSERT INTO `admin_sm_message` VALUES ('7BAD7BD4C1A84008857D985D8CE12A2F', '10101112', 'error', '密码修改失败！', 'MODULEINFO', '密码策略', '40', '2021-04-27 16:07:50', '1');
INSERT INTO `admin_sm_message` VALUES ('7d031801862e45349621276647eb26a3', '10100017', 'info', '只能且必须包含小写、数字和特殊字符', 'MODULEINFO', 'uaa认证服务', '40', '2019-12-20 11:27:47', '1');
INSERT INTO `admin_sm_message` VALUES ('7d219c33a0ca40e6b73039ffdf57384e', '40100023', 'info', '该服务已被收集配置使用，不可删除!', 'MODULEINFO', '管控平台服务', '40', '2019-12-20 13:52:20', '1');
INSERT INTO `admin_sm_message` VALUES ('7e368c2fa854aa9b990f0c846893he24', '51000002', 'error', '该用户没有关联该角色', 'MODULEINFO', 'oca_smUserRoleRel', 'admin', '2012-04-01 10:27:22', '1');
INSERT INTO `admin_sm_message` VALUES ('7f875a01eaed4095a9f9e3c00de421e2', '30100022', 'info', '添加成功！', 'MODULEINFO', 'yusp-platform-service组件服务', '40', '2019-12-20 12:10:22', '1');
INSERT INTO `admin_sm_message` VALUES ('800a7962953b416cae3e7620945107de', '30100021', 'info', '创建序列出错，请联系管理员！', 'MODULEINFO', 'yusp-platform-service组件服务', '40', '2019-12-20 12:09:59', '1');
INSERT INTO `admin_sm_message` VALUES ('830f6951853c454cbe2a0bdb0edede5a', '20100032', 'info', '成功停用{}条数据,有{}条数据由于存在用户和下级部门，无法停用!', 'MODULEINFO', 'yusp-app-framework基础服务', '40', '2019-12-20 11:57:39', '1');
INSERT INTO `admin_sm_message` VALUES ('84e8fd1f6c624a43a934da883dfca452', '40100008', 'info', '未找到应用！', 'MODULEINFO', '管控平台服务', '40', '2019-12-20 13:47:39', '1');
INSERT INTO `admin_sm_message` VALUES ('85eeda18acae429a8f658acb4f1f5614', '20100024', 'info', '成功删除{}条数据,有{}条数据由于有关联数据无法删除!', 'MODULEINFO', 'yusp-app-framework基础服务', '40', '2019-12-20 11:55:01', '1');
INSERT INTO `admin_sm_message` VALUES ('871a27164f924d078f51b157c3c5d4ad', '40100017', 'info', '该服务组名称已被收集配置使用，服务组名称不能修改！需先删除对应日志收集配置！', 'MODULEINFO', '管控平台服务', '40', '2019-12-20 13:50:24', '1');
INSERT INTO `admin_sm_message` VALUES ('87d43b2fc84545af84c1f6b87c52e016', '100006', 'error', '该模块关联业务功能,不能进行删除', 'MODULEINFO', '业务功能管理', '40', '2019-12-12 21:27:22', '1');
INSERT INTO `admin_sm_message` VALUES ('87e18689af674f35b162a088adbe6466', '30100007', 'info', '请选择“执行器”', 'MODULEINFO', 'yusp-platform-service组件服务', '40', '2019-12-20 12:05:53', '1');
INSERT INTO `admin_sm_message` VALUES ('8875481504044fe2869938b4f11a0c2f', '200001', 'error', '操作失败', 'COMINFO', NULL, '40', '2018-04-27 18:00:02', '1');
INSERT INTO `admin_sm_message` VALUES ('88e33d42b5cb4e5caba66285c900c4bb', '20100018', 'info', '逻辑系统sysId:{}已失效,不能再次失效', 'MODULEINFO', 'yusp-app-framework基础服务', '40', '2019-12-20 11:53:14', '1');
INSERT INTO `admin_sm_message` VALUES ('898a87988aa24ab29750908b599e39f5', '10200007', 'warning', '非常用IP登录策略警告', 'MODULEINFO', 'uaa认证服务', '40', '2019-12-20 11:37:48', '1');
INSERT INTO `admin_sm_message` VALUES ('8a41f4736eb44c659f6796111af66719', '30100012', 'info', '阻塞处理策略非法', 'MODULEINFO', 'yusp-platform-service组件服务', '40', '2019-12-20 12:07:16', '1');
INSERT INTO `admin_sm_message` VALUES ('8b77a76683014ef394943bda66d9cfea', '30100001', 'info', '缺失表达式参数!', 'MODULEINFO', 'yusp-platform-service组件服务', '40', '2019-12-20 12:03:54', '1');
INSERT INTO `admin_sm_message` VALUES ('8ca305feeb51430d9da54c951afcccd8', '40100001', 'info', '配置应用不存在默认配置,请立即添加!', 'MODULEINFO', '管控平台服务', '40', '2019-12-20 13:43:24', '1');
INSERT INTO `admin_sm_message` VALUES ('8e22e54c08bb41989457a7d347d010b3', '200011', 'error', '操作失败，请重试', 'COMINFO', '客户视图', '40', '2018-05-22 10:34:22', '1');
INSERT INTO `admin_sm_message` VALUES ('8e3c007b461549cc9f75949787844e9b', '10000001', 'error', '用户名或密码错误!', 'MODULEINFO', 'uaa认证服务', '40', '2021-04-27 15:28:31', '1');
INSERT INTO `admin_sm_message` VALUES ('8ffc3cbd866b477696439f57a1b0e1bf', '40100041', 'info', 'Harbor配置信息不完整,请确认!', 'MODULEINFO', '管控平台服务', '40', '2019-12-20 13:57:49', '1');
INSERT INTO `admin_sm_message` VALUES ('9134a8183818436e972bf18a2eae7677', '20100007', 'info', '该账号用户已存在', 'MODULEINFO', 'yusp-app-framework基础服务', '40', '2019-12-20 11:46:17', '1');
INSERT INTO `admin_sm_message` VALUES ('9174d027f9554e7a90efa1b622004fb7', '10100001', 'info', '密码校验成功!', 'MODULEINFO', 'uaa认证服务', '40', '2021-04-27 15:46:21', '1');
INSERT INTO `admin_sm_message` VALUES ('92c8643eb7884540953107991722668b', '30100036', 'info', '重置序列失败', 'MODULEINFO', 'yusp-platform-service组件服务', '40', '2019-12-20 12:14:16', '1');
INSERT INTO `admin_sm_message` VALUES ('947fa49be63a49c4a50465f212dc6509', '20100026', 'info', '成功删除{}条数据,有{}条数据由于存在下级部门，无法删除!', 'MODULEINFO', 'yusp-app-framework基础服务', '40', '2019-12-20 11:55:42', '1');
INSERT INTO `admin_sm_message` VALUES ('96936f36c7464964917bbb22e8cb31bf', '20100010', 'info', '该模块关联业务功能,不能进行删除', 'MODULEINFO', 'yusp-app-framework基础服务', '40', '2019-12-20 11:47:12', '1');
INSERT INTO `admin_sm_message` VALUES ('9912de9a50634ec3aea3d6a6f77516ca', '30100020', 'info', 'SeqId [{}] 已存在，请勿重复添加！', 'MODULEINFO', 'yusp-platform-service组件服务', '40', '2019-12-20 12:09:37', '1');
INSERT INTO `admin_sm_message` VALUES ('996E17CAEFA846EBA1586B537EE68755', '10101003', 'error', '密码中必须有 {0} 个数字', 'MODULEINFO', '密码策略', '40', '2021-04-07 17:28:50', '1');
INSERT INTO `admin_sm_message` VALUES ('9ab669e30be84092b8966ef62ed8e4cd', '20100019', 'info', '逻辑系统sysId:{}已生效', 'MODULEINFO', 'yusp-app-framework基础服务', '40', '2019-12-20 11:53:31', '1');
INSERT INTO `admin_sm_message` VALUES ('9e1bda91934d4471869515f2475c1e89', '10100005', 'info', '密码解析失败，请检查密码', 'MODULEINFO', 'uaa认证服务', '40', '2019-12-20 11:20:01', '1');
INSERT INTO `admin_sm_message` VALUES ('9f69d538f9ff41f488b701469a26bd64', '20100030', 'info', '成功停用{}条数据,有{}条数据由于存在下级部门，无法停用!', 'MODULEINFO', 'yusp-app-framework基础服务', '40', '2019-12-20 11:57:04', '1');
INSERT INTO `admin_sm_message` VALUES ('9f77afc65304486db8b652d78e7bc55a', '30100006', 'info', '该执行器未被使用,可以删除', 'MODULEINFO', 'yusp-platform-service组件服务', '40', '2019-12-20 12:05:32', '1');
INSERT INTO `admin_sm_message` VALUES ('a0a10552660d4d789e81a502112f9a1a', '30100037', 'info', '任务ID非法', 'MODULEINFO', 'yusp-platform-service组件服务', '40', '2019-12-20 12:14:33', '1');
INSERT INTO `admin_sm_message` VALUES ('A39DA5E13CB8487FA9E4B445C0DD3CA4', '10101006', 'error', '密码中必须有 {0} 个特殊字符', 'MODULEINFO', '密码策略', '40', '2021-04-07 17:30:24', '1');
INSERT INTO `admin_sm_message` VALUES ('a3b624c7b7e0400aa6511edf9b448176', '20100020', 'info', '逻辑系统sysId:{}已失效', 'MODULEINFO', 'yusp-app-framework基础服务', '40', '2019-12-20 11:53:49', '1');
INSERT INTO `admin_sm_message` VALUES ('a422f1e971a3416fae4cdcc715c7b337', '40100019', 'info', '服务名已存在，不能新增！', 'MODULEINFO', '管控平台服务', '40', '2019-12-20 13:51:00', '1');
INSERT INTO `admin_sm_message` VALUES ('a5ad409bb1de465da5568a6e4c65cb1b', '40100005', 'info', '通过调用swagger获取API文档异常', 'MODULEINFO', '管控平台服务', '40', '2019-12-20 13:44:36', '1');
INSERT INTO `admin_sm_message` VALUES ('a6d535b280d040488413559aaea0008b', '40100036', 'info', '用户未登录', 'MODULEINFO', '管控平台服务', '40', '2019-12-20 13:56:18', '1');
INSERT INTO `admin_sm_message` VALUES ('A7ECFAEB1A9544F19D80D75F079C8C40', '00000000', 'success', '登录成功！', 'MODULEINFO', '成功提示', '40', '2021-04-27 14:17:54', '1');
INSERT INTO `admin_sm_message` VALUES ('A819C27B086A4D11A246362731295F68', '10101001', 'error', '密码连续字符不能超过 {0} 个', 'MODULEINFO', '密码策略', '40', '2021-04-07 17:25:14', '1');
INSERT INTO `admin_sm_message` VALUES ('a81e6bcfb0804c7789739ae3daf1c92d', '40100022', 'info', '该服务组已被收集配置使用，不可删除!', 'MODULEINFO', '管控平台服务', '40', '2019-12-20 13:52:03', '1');
INSERT INTO `admin_sm_message` VALUES ('a8555ca2a84d48dd93f9fab60dd6d9d9', '40100032', 'info', '该索引类型备份策略已存在，不能新增！', 'MODULEINFO', '管控平台服务', '40', '2019-12-20 13:55:00', '1');
INSERT INTO `admin_sm_message` VALUES ('adfbb07a32c04ce6b77636703a5fb079', '40100040', 'info', '获取服务镜像列表失败: {},请检查Harbor仓库项目是否存在', 'MODULEINFO', '管控平台服务', '40', '2019-12-20 13:57:32', '1');
INSERT INTO `admin_sm_message` VALUES ('ae4a7ae9ea3a42c4a27e2a113f6c1b12', '200008', 'error', '所填项已经存在', 'COMINFO', '提示', '40', '2018-05-28 14:45:20', '1');
INSERT INTO `admin_sm_message` VALUES ('b12939e9a6954825ac9b06e4e1050dc5', '40100004', 'info', '通过调用swagger获取API文档,返回错误', 'MODULEINFO', '管控平台服务', '40', '2019-12-20 13:44:18', '1');
INSERT INTO `admin_sm_message` VALUES ('b14b1c6a7a904402a2518b23bad733a4', '10200001', 'warning', '用户首次登录,请您修改密码!', 'MODULEINFO', 'uaa认证服务', '40', '2019-12-20 11:33:21', '1');
INSERT INTO `admin_sm_message` VALUES ('b2335383855c4c42bb44a165a327a6ac', '10100000', 'error', '不匹配登录用户当前密码，请检查原密码!', 'MODULEINFO', 'uaa认证服务', '40', '2021-04-27 15:52:43', '1');
INSERT INTO `admin_sm_message` VALUES ('b4c32e98f4074edeb631106179ed58cc', '10100004', 'error', '密码解析失败!', 'MODULEINFO', 'uaa认证服务', '40', '2021-04-27 15:34:25', '1');
INSERT INTO `admin_sm_message` VALUES ('b7d7f4b16ef5466c860c45b84b0c4451', '40100024', 'info', '此配置名称已存在，不能新增！', 'MODULEINFO', '管控平台服务', '40', '2019-12-20 13:52:40', '1');
INSERT INTO `admin_sm_message` VALUES ('b97aae19620a4bc8a1eaf65667868e3f', '40100046', 'info', 'Jenkins上无该应用的构建任务,请确认是否正确填写该应用的Jenkins配置名称!', 'MODULEINFO', '管控平台服务', '40', '2019-12-20 13:59:17', '1');
INSERT INTO `admin_sm_message` VALUES ('bac48a6bce3642b0b70ba06b6a778535', '20100029', 'info', '成功启用{}条数据', 'MODULEINFO', 'yusp-app-framework基础服务', '40', '2019-12-20 11:56:47', '1');
INSERT INTO `admin_sm_message` VALUES ('bad3ce3c9df7489d9c1e7d948b15f426', '10100013', 'info', '只能设置特殊字符', 'MODULEINFO', 'uaa认证服务', '40', '2019-12-20 11:25:23', '1');
INSERT INTO `admin_sm_message` VALUES ('be9f4b69763c47a287a819eebcad08ba', '20100002', 'info', '类别代码已存在,请勿重复!', 'MODULEINFO', 'yusp-app-framework基础服务', '40', '2019-12-20 11:44:10', '1');
INSERT INTO `admin_sm_message` VALUES ('c020d4fd272d4bdfbdc5737bc51bcee1', '10300005', 'error', '当前登录IP异常!', 'MODULEINFO', 'uaa认证服务', '40', '2021-04-27 16:36:50', '1');
INSERT INTO `admin_sm_message` VALUES ('C069E4F9FA13459D879023974545A127', '50000001', 'info', '%s！剩余次数：%d', 'MODULEINFO', '登录服务', '40', '2021-04-27 16:29:52', '1');
INSERT INTO `admin_sm_message` VALUES ('c14f2b3ca88741b9a479585832a94071', '10300002', 'error', '超过登录尝试次数,用户已冻结,请联系管理员', 'MODULEINFO', 'uaa认证服务', '40', '2019-12-20 11:38:49', '1');
INSERT INTO `admin_sm_message` VALUES ('c2553e11d65341fb83658c26bc4479ac', '200505', 'error', '获取用例执行日志异常', 'MODULEINFO', '测试用例', '40', '2018-05-30 11:52:43', '1');
INSERT INTO `admin_sm_message` VALUES ('c468d8f8f60d4a52939f32771c41b7ed', '20100006', 'info', '逻辑系统代码{}已存在', 'MODULEINFO', 'yusp-app-framework基础服务', '40', '2019-12-20 11:45:59', '1');
INSERT INTO `admin_sm_message` VALUES ('c6941769c0ba4465ab2d9b802921bc32', '20100003', 'info', '新增类别代码{}成功！', 'MODULEINFO', 'yusp-app-framework基础服务', '40', '2019-12-20 11:44:36', '1');
INSERT INTO `admin_sm_message` VALUES ('c765d1b53a2f4b058159904f1b770f5b', '30100027', 'info', '删除失败！', 'MODULEINFO', 'yusp-platform-service组件服务', '40', '2019-12-20 12:11:50', '1');
INSERT INTO `admin_sm_message` VALUES ('c7f6098e8e98442a95166f529e5bf22b', '40100018', 'info', '服务组名已存在，不能修改！', 'MODULEINFO', '管控平台服务', '40', '2019-12-20 13:50:42', '1');
INSERT INTO `admin_sm_message` VALUES ('c7f6a26623b34eff94ca86ef877cebfd', '10100007', 'info', '只能设置大写字母', 'MODULEINFO', 'uaa认证服务', '40', '2019-12-20 11:22:28', '1');
INSERT INTO `admin_sm_message` VALUES ('cafa7cadee2d4ed993bcefcfc61c9759', '20100025', 'info', '成功停用{}条数据,有{}条数据由于存在用户数据，无法停用!', 'MODULEINFO', 'yusp-app-framework基础服务', '40', '2019-12-20 11:55:19', '1');
INSERT INTO `admin_sm_message` VALUES ('cedcfb2372554e5aa86bcd4a264c090c', '30100011', 'info', '路由策略非法', 'MODULEINFO', 'yusp-platform-service组件服务', '40', '2019-12-20 12:07:00', '1');
INSERT INTO `admin_sm_message` VALUES ('cedd84346292401cb121778afaf2b9fe', '10100018', 'info', '只能且必须包含小写、大写和特殊字符', 'MODULEINFO', 'uaa认证服务', '40', '2019-12-20 11:28:06', '1');
INSERT INTO `admin_sm_message` VALUES ('cf9526448f234417a2a4c7daa57dbe5f', '20100011', 'info', '未知20100011', 'MODULEINFO', 'yusp-app-framework基础服务', '40', '2019-12-20 11:47:51', '1');
INSERT INTO `admin_sm_message` VALUES ('d4f78ac3f0bb440dafc28be9aa720dfd', '10300001', 'error', '请注意,您已超过最大登录尝试次数', 'MODULEINFO', 'uaa认证服务', '40', '2019-12-20 11:38:32', '1');
INSERT INTO `admin_sm_message` VALUES ('d6b335704d8c4bf79bda08884f8a3618', '30100016', 'info', '子任务ID({})无效', 'MODULEINFO', 'yusp-platform-service组件服务', '40', '2019-12-20 12:08:26', '1');
INSERT INTO `admin_sm_message` VALUES ('d70fa74978574a50b33e198a33721a7a', '30100017', 'info', '子任务ID({})格式错误', 'MODULEINFO', 'yusp-platform-service组件服务', '40', '2019-12-20 12:08:43', '1');
INSERT INTO `admin_sm_message` VALUES ('d87bd828a3934b75ac48fa10fe50b5b6', '40100025', 'info', '该采集配置被收集器使用，不可删除！收集器IP:{}', 'MODULEINFO', '管控平台服务', '40', '2019-12-20 13:52:57', '1');
INSERT INTO `admin_sm_message` VALUES ('d8e69f91698a41cb98be3575879d265f', '20100027', 'info', '成功删除{}条数据,有{}条数据由于存在用户，无法删除!', 'MODULEINFO', 'yusp-app-framework基础服务', '40', '2019-12-20 11:56:09', '1');
INSERT INTO `admin_sm_message` VALUES ('db49b3ae2d024c7ca3e9508849a5d833', '10100002', 'info', '没有相应的密码策略，暂不需要校验密码', 'MODULEINFO', 'uaa认证服务', '40', '2019-12-20 11:18:47', '1');
INSERT INTO `admin_sm_message` VALUES ('dbbb130847dc4805a9592fe14e2d2a33', '40100031', 'info', '备份策略索引名称已存在，不能修改！', 'MODULEINFO', '管控平台服务', '40', '2019-12-20 13:54:42', '1');
INSERT INTO `admin_sm_message` VALUES ('df275c00e4614d029a6487cc5575b3b9', '30100018', 'info', '子任务({})不可与父任务重复', 'MODULEINFO', 'yusp-platform-service组件服务', '40', '2019-12-20 12:08:58', '1');
INSERT INTO `admin_sm_message` VALUES ('e01513c7c5c54493aefd6b58ad16322c', '10100022', 'info', '密码不能与最近{}次的密码重复', 'MODULEINFO', 'uaa认证服务', '40', '2019-12-20 11:29:22', '1');
INSERT INTO `admin_sm_message` VALUES ('e0368dc2fa854aa9b990f0c16893he28', '51100004', 'error', '用户编号不能为空', 'MODULEINFO', 'oca_SmUser', 'admin', '2012-04-01 10:27:22', '1');
INSERT INTO `admin_sm_message` VALUES ('e0466ba8431a4715a6cd74edec6c009b', '200501', 'error', '报文拼包异常', 'MODULEINFO', '测试用例', '40', '2018-05-30 11:51:16', '1');
INSERT INTO `admin_sm_message` VALUES ('e0712f8e8a2f44ebac0c31e133241961', '30100010', 'info', '请输入“负责人”', 'MODULEINFO', 'yusp-platform-service组件服务', '40', '2019-12-20 12:06:44', '1');
INSERT INTO `admin_sm_message` VALUES ('e0de592522d54a208b7f3d7f5d3a044d', '10100023', 'info', '密码连续重复的字符数超过最大长度:{}', 'MODULEINFO', 'uaa认证服务', '40', '2019-12-20 11:29:43', '1');
INSERT INTO `admin_sm_message` VALUES ('e0df45ae7bdb4120b8ee05eedc49bc55', '20100014', 'info', '成功停用{}条数据,有{}条数据由于存在机构数据，无法停用!', 'MODULEINFO', 'yusp-app-framework基础服务', '40', '2019-12-20 11:49:01', '1');
INSERT INTO `admin_sm_message` VALUES ('e1358dc2fa854aa9b990f0c1468937e8', '50100001', 'error', '该部门绑定有用户或存在下级部门，请删除关联信息后操作', 'MODULEINFO', 'oca_smDpt', 'admin', '2012-04-01 10:27:22', '1');
INSERT INTO `admin_sm_message` VALUES ('e2368dc2fa854aa9b990f0c146893he9', '50100002', 'error', '新增的部门代码已经存在，请更换部门代码后操作', 'MODULEINFO', 'oca_smDpt', 'admin', '2012-04-01 10:27:22', '1');
INSERT INTO `admin_sm_message` VALUES ('e291ca9ff9864a9fac44f5037d877361', '10200002', 'warning', '请注意,当前在线人数已达上限!', 'MODULEINFO', 'uaa认证服务', '40', '2019-12-20 11:33:48', '1');
INSERT INTO `admin_sm_message` VALUES ('e2ccd16a42884f359c899cca3ebacd0a', '200500', 'error', '报文为空或不存在', 'MODULEINFO', '测试用例', '40', '2018-05-30 11:50:53', '1');
INSERT INTO `admin_sm_message` VALUES ('e3368dc2fa854aab990f0c146893he11', '50400001', 'error', '逻辑系统名称或者简称编号已存在', 'MODULEINFO', 'oca_logicSys', 'admin', '2012-04-01 10:27:22', '1');
INSERT INTO `admin_sm_message` VALUES ('e438dc2fa854aa9b990f0c246893he25', '51100001', 'error', '工号或账号不可重复', 'MODULEINFO', 'oca_SmUser', 'admin', '2012-04-01 10:27:22', '1');
INSERT INTO `admin_sm_message` VALUES ('e560512e88ab4fbd81b04151527f69da', '20100021', 'info', '机构代码为：{},机构名称为:{}的数据保存成功。', 'MODULEINFO', 'yusp-app-framework基础服务', '40', '2019-12-20 11:54:06', '1');
INSERT INTO `admin_sm_message` VALUES ('e568e220f3da4dff85a541c7f317764c', '10100016', 'info', '只能且必须包含小写和特殊字符', 'MODULEINFO', 'uaa认证服务', '40', '2019-12-20 11:27:27', '1');
INSERT INTO `admin_sm_message` VALUES ('e636dc2fa854aa9b990f0c946893he26', '51100002', 'error', '该用户存在其它关联信息，请删除关联信息后操作', 'MODULEINFO', 'oca_SmUser', 'admin', '2012-04-01 10:27:22', '1');
INSERT INTO `admin_sm_message` VALUES ('e7b712cc5f14417bbf7c873701926b9f', '30100032', 'info', '序列ID不允许为空！', 'MODULEINFO', 'yusp-platform-service组件服务', '40', '2019-12-20 12:13:11', '1');
INSERT INTO `admin_sm_message` VALUES ('e7d5a5a9c70e4ed9ad8d711578b77ca3', '20100005', 'info', '逻辑系统名称已存在', 'MODULEINFO', 'yusp-app-framework基础服务', '40', '2019-12-20 11:45:41', '1');
INSERT INTO `admin_sm_message` VALUES ('e8af878f673e4165b5d9680a3961c521', '20100008', 'info', '用户账号{}已存在', 'MODULEINFO', 'yusp-app-framework基础服务', '40', '2019-12-20 11:46:37', '1');
INSERT INTO `admin_sm_message` VALUES ('e8c7ed1321684140a8bf0a109f32336e', '200103', 'error', '  根据数据集map和报文dataFormat翻译为byte数组出错！', 'MODULEINFO', '用例设计与调试', '40', '2018-05-10 10:50:39', '1');
INSERT INTO `admin_sm_message` VALUES ('e9338dc2fa354aa9b990f0c146893ce6', '50200001', 'error', '新增的岗位代码已经存在，请更换岗位代码后操作', 'MODULEINFO', 'oca_Duty', 'admin', '2012-04-01 10:27:22', '1');
INSERT INTO `admin_sm_message` VALUES ('EA855F2274CE41259123C3331C0F6BC0', '10101111', 'error', '该登录名用户不存在！', 'MODULEINFO', '登录服务', '40', '2021-04-27 15:51:46', '1');
INSERT INTO `admin_sm_message` VALUES ('eaf299134a584bbc9eb3023e727b1d4c', '30100034', 'info', '序列已删除成功！', 'MODULEINFO', 'yusp-platform-service组件服务', '40', '2019-12-20 12:13:44', '1');
INSERT INTO `admin_sm_message` VALUES ('eb26d9801ae04b4db37f6fa2e836119f', '30100024', 'info', '更新成功！', 'MODULEINFO', 'yusp-platform-service组件服务', '40', '2019-12-20 12:11:00', '1');
INSERT INTO `admin_sm_message` VALUES ('ec57f0fe88cd432f8d1ba27c8eb6cda4', '30100035', 'info', '重置序列成功！', 'MODULEINFO', 'yusp-platform-service组件服务', '40', '2019-12-20 12:14:00', '1');
INSERT INTO `admin_sm_message` VALUES ('edbb1b0770034bde8bd0c792fb678acf', '40100021', 'info', '服务名已存在，不能修改！', 'MODULEINFO', '管控平台服务', '40', '2019-12-20 13:51:41', '1');
INSERT INTO `admin_sm_message` VALUES ('ee338dc2fa354aa9b990f0c146893ce5', '30100031', 'info', '无对应序列ID{}的配置信息，请检查', 'MODULEINFO', 'yusp-platform-service组件服务', '40', '2019-12-20 12:12:56', '1');
INSERT INTO `admin_sm_message` VALUES ('ef65b1624cdb4da5b6325c5da7a05148', '40100030', 'info', '删除快照失败！', 'MODULEINFO', '管控平台服务', '40', '2019-12-20 13:54:23', '1');
INSERT INTO `admin_sm_message` VALUES ('eq368dc2fa84aa9b990f0c186893he13', '50500001', 'error', '字典项不能为空', 'MODULEINFO', 'oca_lookupDict', 'admin', '2012-04-01 10:27:22', '1');
INSERT INTO `admin_sm_message` VALUES ('f0067eb9ed164ac688545335dc63b446', '20100017', 'info', '逻辑系统sysId:{}已生效,不能再次生效', 'MODULEINFO', 'yusp-app-framework基础服务', '40', '2019-12-20 11:52:56', '1');
INSERT INTO `admin_sm_message` VALUES ('f027bd1a0f3d42ceb7d8322dc453126d', '30100014', 'info', '运行模式非法非法', 'MODULEINFO', 'yusp-platform-service组件服务', '40', '2019-12-20 12:07:53', '1');
INSERT INTO `admin_sm_message` VALUES ('f2d060296a824036b0843366574f7dc1', '30100004', 'info', '参数异常', 'MODULEINFO', 'yusp-platform-service组件服务', '40', '2019-12-20 12:04:50', '1');
INSERT INTO `admin_sm_message` VALUES ('f3e5e093441b4ddaa13312ac7b7f67f4', '30100025', 'info', '序列模版删除成功！', 'MODULEINFO', 'yusp-platform-service组件服务', '40', '2019-12-20 12:11:16', '1');
INSERT INTO `admin_sm_message` VALUES ('f6a7daad6d8d4525b8642ed5ab73f5ea', '10100009', 'info', '只能且必须包含数字和大写字母', 'MODULEINFO', 'uaa认证服务', '40', '2019-12-20 11:23:07', '1');
INSERT INTO `admin_sm_message` VALUES ('f70c143527bf4339957955025828c3a4', '10100011', 'info', '只能且必须包含大写和小写字母', 'MODULEINFO', 'uaa认证服务', '40', '2019-12-20 11:24:42', '1');
INSERT INTO `admin_sm_message` VALUES ('f83e36203fae4bafbc8c7cf0933285ca', '20100001', 'info', '数据字典缓存更新:{}失败!', 'MODULEINFO', 'yusp-app-framework基础服务', '40', '2019-12-20 11:41:39', '1');
INSERT INTO `admin_sm_message` VALUES ('f8985077d5eb41429cdfac2a78897a7e', '20100009', 'info', '用户角色代码{}已存在', 'MODULEINFO', 'yusp-app-framework基础服务', '40', '2019-12-20 11:46:54', '1');
INSERT INTO `admin_sm_message` VALUES ('f8c24353a75d45428402eeb975921d25', '20100015', 'info', '成功删除{}条数据!', 'MODULEINFO', 'yusp-app-framework基础服务', '40', '2019-12-20 11:50:55', '1');
INSERT INTO `admin_sm_message` VALUES ('f8c32d5bff6d4419a738d5228345036e', '40100043', 'info', '无法获取对应的部署信息!', 'MODULEINFO', '管控平台服务', '40', '2019-12-20 13:58:23', '1');
INSERT INTO `admin_sm_message` VALUES ('f97522f6f81a4e2dbc0b6580a8584bc9', '10200006', 'warning', '您好，非工作日不允许登录系统，请您谅解！', 'MODULEINFO', 'uaa认证服务', '40', '2019-12-20 11:37:29', '1');
INSERT INTO `admin_sm_message` VALUES ('f9851eff1e874a4f99d3df7dca1273d0', '30100023', 'info', 'SeqId只能由大写字母、数字、下划线组成且首字母只能是大写字母！', 'MODULEINFO', 'yusp-platform-service组件服务', '40', '2019-12-20 12:10:43', '1');
INSERT INTO `admin_sm_message` VALUES ('fa25d67dd9db47508fc9ba32165af2ed', '300009', 'error', '用户角色代码{}已存在', 'MODULEINFO', NULL, '40', '2018-05-31 19:21:44', '1');
INSERT INTO `admin_sm_message` VALUES ('fb66a6c0073c479385e73f2df2a3e94e', '40100014', 'info', '当前集群存在用户，无法删除！', 'MODULEINFO', '管控平台服务', '40', '2019-12-20 13:49:34', '1');
INSERT INTO `admin_sm_message` VALUES ('fb7f84d2e17f498aaafa6e8999bcf5bf', '10100021', 'info', '密码不能少于{}位', 'MODULEINFO', 'uaa认证服务', '40', '2019-12-20 11:29:03', '1');
INSERT INTO `admin_sm_message` VALUES ('fc139cc9ede648ea8c4072a4fe87e88f', '300007', 'error', '该账号用户已存在', 'COMINFO', '系统管理', '40', '2019-12-12 18:25:33', '1');
INSERT INTO `admin_sm_message` VALUES ('fd4874192e0a4b5facac9f0a6704193d', '10100006', 'info', '只能设置数字', 'MODULEINFO', 'uaa认证服务', '40', '2019-12-20 11:22:03', '1');
INSERT INTO `admin_sm_message` VALUES ('febd9efc97db4ecc8a1371b8b02ec570', '10100024', 'info', '密码连续字符的字符数超过最大长度:{}', 'MODULEINFO', 'uaa认证服务', '40', '2019-12-20 11:30:01', '1');
INSERT INTO `admin_sm_message` VALUES ('ff5ae1f887fa447eab1ee2d284fdb514', '30100013', 'info', '失败处理策略非法', 'MODULEINFO', 'yusp-platform-service组件服务', '40', '2019-12-20 12:07:35', '1');
INSERT INTO `admin_sm_message` VALUES ('ge368dc2fa854aab990f0c146893he16', '50600001', 'error', '菜单名已存在', 'MODULEINFO', 'oca_manu', 'admin', '2012-04-01 10:27:22', '1');
INSERT INTO `admin_sm_message` VALUES ('h2368dc2fa854aa9b990fc146893he10', '50300001', 'error', '业务功能已关联控制点，不能删除！', 'MODULEINFO', 'oca_smBusi', 'admin', '2012-04-01 10:27:22', '1');
INSERT INTO `admin_sm_message` VALUES ('he368dc2f854aa9b990f0c156893he15', '50500003', 'error', '字典读异常', 'MODULEINFO', 'oca_lookupDict', 'admin', '2012-04-01 10:27:22', '1');
INSERT INTO `admin_sm_message` VALUES ('l6338dc2fa354aa9b990f0c156843ce5', '50200002', 'error', '该岗位绑定有用户，请删除关联信息后操作', 'MODULEINFO', 'oca_Duty', 'admin', '2012-04-01 10:27:22', '1');
INSERT INTO `admin_sm_message` VALUES ('le368dc2fa85aa9b990f0c226893he18', '50700002', 'error', '该机构有子机构或绑定有其他信息，请删除关联信息后操作', 'MODULEINFO', 'oca_smOrg', 'admin', '2012-04-01 10:27:22', '1');
INSERT INTO `admin_sm_message` VALUES ('oe368dc2fa54aa9b990f0c176893he14', '50500002', 'error', '字典项不能重复', 'MODULEINFO', 'oca_lookupDict', 'admin', '2012-04-01 10:27:22', '1');
INSERT INTO `admin_sm_message` VALUES ('qe368dc2fa854aa9b90f0c776893he23', '51000003', 'error', '角色编号不能为空', 'MODULEINFO', 'oca_smUserRoleRel', 'admin', '2012-04-01 10:27:22', '1');
INSERT INTO `admin_sm_message` VALUES ('re368dc2fa854aa9b990f0c46893he21', '50900001', 'error', '该用户已经关联该岗位', 'MODULEINFO', 'oca_smUserDutyRel', 'admin', '2012-04-01 10:27:22', '1');
INSERT INTO `admin_sm_message` VALUES ('re368dc2fa854aab990f0c146893he12', '50400002', 'error', '查询条件解析失败', 'MODULEINFO', 'oca_logicSys', 'admin', '2012-04-01 10:27:22', '1');
INSERT INTO `admin_sm_message` VALUES ('te368dc2fa854aa9b90f0c146893he22', '51000001', 'error', '该用户已经关联该角色', 'MODULEINFO', 'oca_smUserRoleRel', 'admin', '2012-04-01 10:27:22', '1');
INSERT INTO `admin_sm_message` VALUES ('ue368dc2fa854aa9b990fc546893h895', '50800003', 'error', '角色代码为空', 'MODULEINFO', 'oca_smRole', 'admin', '2012-04-01 10:27:22', '1');
INSERT INTO `admin_sm_message` VALUES ('ue368dc2fa854aa9b990fc546893he19', '50800001', 'error', '该角色绑定有用户，请删除关联信息后操作', 'MODULEINFO', 'oca_smRole', 'admin', '2012-04-01 10:27:22', '1');
INSERT INTO `admin_sm_message` VALUES ('we368dc2fa854aa9b90f0c516893he17', '50700001', 'error', '新增的机构代码已经存在，请更换机构代码后操作', 'MODULEINFO', 'oca_smOrg', 'admin', '2012-04-01 10:27:22', '1');
INSERT INTO `admin_sm_message` VALUES ('ye368dc2fa854aa9b990f0c46893he20', '50800002', 'error', '新增的角色代码已经存在，请更换角色代码后操作', 'MODULEINFO', 'oca_smRole', 'admin', '2012-04-01 10:27:22', '1');

INSERT INTO `admin_sm_message` VALUES ('F6213CF6370E4599B44DA390519ADB02', '10000004', 'error', '当前用户已失效!', 'MODULEINFO', 'uaa认证服务', '40', '2022-03-28 19:11:24', '1');
INSERT INTO `admin_sm_message` VALUES('E0E1E4CF7F79437E87EC1F487570481C', '50100003', 'error', '该部门存在生效的下级部门，请停用对应的下级部门后操作', 'MODULEINFO', 'oca_smDpt', '40', '2022-03-29 15:54:03', '1');

INSERT INTO `admin_sm_message` VALUES('928066CBA31147F7A1034956517B43BD', '50700003', 'error', '该机构有生效状态的子机构，请停用相关的机构后进行操作', 'MODULEINFO', 'oca_smOrg', '40', '2022-03-29 16:17:35', '1');


-- ----------------------------
-- Records of admin_sm_message_en_us
-- ----------------------------
INSERT INTO `admin_sm_message_en_us` VALUES ('0401647671ad4897871862c9b5eaf7d3', '10200005', 'error', 'Hello, this time is not allowed to log in to the system, please understand!', 'MODULEINFO', 'UAA certification service', '40', '2021-04-27 16:19:21', '1');
INSERT INTO `admin_sm_message_en_us` VALUES ('0B0565E0089741A594AAB9842D59AFDE', '10101000', 'error', 'Password length must be between {0} - {1} characters!', 'MODULEINFO', 'Password policy service', '40', '2021-04-07 17:04:21', '1');
INSERT INTO `admin_sm_message_en_us` VALUES ('0b89a19e1a3e441dafb86eb4fd54caf7', '10300006', 'error', 'Password expired, please contact the administrator!', 'MODULEINFO', 'UAA certification service', '40', '2021-04-27 16:38:06', '1');
INSERT INTO `admin_sm_message_en_us` VALUES ('11756D6146FB41CE97CCAC7EFF67FAFC', '10101005', 'error', 'The password must have {0} lowercase characters！', 'MODULEINFO', 'Password policy service', '40', '2021-04-07 17:29:54', '1');
INSERT INTO `admin_sm_message_en_us` VALUES ('18A975E81E274EF2A75BF4ABD8AA2581', '10101004', 'error', 'The password must have {0} uppercase characters！', 'MODULEINFO', 'Password policy service', '40', '2021-04-07 17:29:24', '1');
INSERT INTO `admin_sm_message_en_us` VALUES ('1e368dc2fa854aa9b90f0c746893he27', '51100003', 'error', 'The user account or client number cannot be empty', 'MODULEINFO', 'oca_SmUser', 'admin', '2012-04-01 10:27:42', '1');
INSERT INTO `admin_sm_message_en_us` VALUES ('3276c3165bec43d988d13c8a6493e185', '10300007', 'error', 'User not valid！', 'MODULEINFO', 'UAA certification service', '40', '2021-04-27 14:05:34', '1');
INSERT INTO `admin_sm_message_en_us` VALUES ('43d5a9f1e4d946a18a0c9ec6cc85cc2e', '10300008', 'error', 'Password input error times exceed the maximum number. Please try again in half an hour!', 'MODULEINFO', 'UAA certification service', '40', '2021-04-27 16:12:33', '1');
INSERT INTO `admin_sm_message_en_us` VALUES ('56E90CF9D33D46F7B595D1C3FA12F3F0', '10101002', 'error', 'The password contains {1} Nos. {0}, but at most {2} are allowed!', 'MODULEINFO', 'Password policy service', '40', '2021-04-07 17:26:54', '1');
INSERT INTO `admin_sm_message_en_us` VALUES ('604351a8c5f24d438802f02a72c89fbc', '10000002', 'error', 'Please change your password when you log in for the first time', 'MODULEINFO', 'UAA certification service', '40', '2021-04-27 16:34:14', '1');
INSERT INTO `admin_sm_message_en_us` VALUES ('68348dc2fa854aa9b990f0c146893ce7', '50200003', 'error', 'The post code cannot be empty', 'MODULEINFO', 'oca_Duty', 'admin', '2012-04-01 10:27:42', '1');
INSERT INTO `admin_sm_message_en_us` VALUES ('7BAD7BD4C1A84008857D985D8CE12A2F', '10101112', 'error', 'Password modification failed!', 'MODULEINFO', 'Password policy service', '40', '2021-04-27 16:07:50', '1');
INSERT INTO `admin_sm_message_en_us` VALUES ('7e368c2fa854aa9b990f0c846893he24', '51000002', 'error', 'The user is not associated with the role', 'MODULEINFO', 'oca_smUserRoleRel', 'admin', '2012-04-01 10:27:42', '1');
INSERT INTO `admin_sm_message_en_us` VALUES ('8e3c007b461549cc9f75949787844e9b', '10000001', 'error', 'Wrong user name or password！', 'MODULEINFO', 'UAA certification service', '40', '2021-04-27 15:28:31', '1');
INSERT INTO `admin_sm_message_en_us` VALUES ('9174d027f9554e7a90efa1b622004fb7', '10100001', 'info', 'Password verification successful', 'MODULEINFO', 'UAA certification service', '40', '2021-04-27 15:46:21', '1');
INSERT INTO `admin_sm_message_en_us` VALUES ('996E17CAEFA846EBA1586B537EE68755', '10101003', 'error', 'The password must have {0} number characters！', 'MODULEINFO', 'Password policy service', '40', '2021-04-07 17:28:50', '1');
INSERT INTO `admin_sm_message_en_us` VALUES ('A39DA5E13CB8487FA9E4B445C0DD3CA4', '10101006', 'error', 'The password must have {0} special characters！', 'MODULEINFO', 'Password policy service', '40', '2021-04-07 17:30:24', '1');
INSERT INTO `admin_sm_message_en_us` VALUES ('A7ECFAEB1A9544F19D80D75F079C8C40', '00000000', 'success', 'Login successful!', 'MODULEINFO', 'Success tips', '40', '2021-04-27 14:17:54', '1');
INSERT INTO `admin_sm_message_en_us` VALUES ('A819C27B086A4D11A246362731295F68', '10101001', 'error', 'Password continuous characters cannot exceed {0}!', 'MODULEINFO', 'Password policy service', '40', '2021-04-07 17:25:14', '1');
INSERT INTO `admin_sm_message_en_us` VALUES ('b2335383855c4c42bb44a165a327a6ac', '10100000', 'error', 'The current password of login user does not match. Please check the original password！', 'MODULEINFO', 'UAA certification service', '40', '2021-04-27 15:52:43', '1');
INSERT INTO `admin_sm_message_en_us` VALUES ('b4c32e98f4074edeb631106179ed58cc', '10100004', 'error', 'Password resolution failed！', 'MODULEINFO', 'UAA certification service', '40', '2021-04-27 15:34:25', '1');
INSERT INTO `admin_sm_message_en_us` VALUES ('c020d4fd272d4bdfbdc5737bc51bcee1', '10300005', 'error', 'The current login IP is abnormal!', 'MODULEINFO', 'UAA certification service', '40', '2021-04-27 16:36:50', '1');
INSERT INTO `admin_sm_message_en_us` VALUES ('C069E4F9FA13459D879023974545A127', '50000001', 'info', '%s！Remaining times：%d', 'MODULEINFO', 'Login service', '40', '2021-04-27 16:29:52', '1');
INSERT INTO `admin_sm_message_en_us` VALUES ('e0368dc2fa854aa9b990f0c16893he28', '51100004', 'error', 'The user number cannot be empty', 'MODULEINFO', 'oca_SmUser', 'admin', '2012-04-01 10:27:42', '1');
INSERT INTO `admin_sm_message_en_us` VALUES ('e1358dc2fa854aa9b990f0c1468937e8', '50100001', 'error', 'This department is bound to a user or there have subordinate department, please delete the associated information before operation', 'MODULEINFO', 'oca_smDpt', 'admin', '2012-04-01 10:27:42', '1');
INSERT INTO `admin_sm_message_en_us` VALUES ('e2368dc2fa854aa9b990f0c146893he9', '50100002', 'error', 'The newly added department code already exists. Please operate after replacing the department code', 'MODULEINFO', 'oca_smDpt', 'admin', '2012-04-01 10:27:42', '1');
INSERT INTO `admin_sm_message_en_us` VALUES ('e3368dc2fa854aab990f0c146893he11', '50400001', 'error', 'The logical system name or abbreviation number already exists', 'MODULEINFO', 'oca_logicSys', 'admin', '2012-04-01 10:27:42', '1');
INSERT INTO `admin_sm_message_en_us` VALUES ('e438dc2fa854aa9b990f0c246893he25', '51100001', 'error', 'Work number or account number cannot be duplicated', 'MODULEINFO', 'oca_SmUser', 'admin', '2012-04-01 10:27:42', '1');
INSERT INTO `admin_sm_message_en_us` VALUES ('e636dc2fa854aa9b990f0c946893he26', '51100002', 'error', 'The user has other associated information, please delete the associated information before operation', 'MODULEINFO', 'oca_SmUser', 'admin', '2012-04-01 10:27:42', '1');
INSERT INTO `admin_sm_message_en_us` VALUES ('e9338dc2fa354aa9b990f0c146893ce6', '50200001', 'error', 'The newly added post code already exists. Please operate after replacing the post code', 'MODULEINFO', 'oca_Duty', 'admin', '2012-04-01 10:27:42', '1');
INSERT INTO `admin_sm_message_en_us` VALUES ('EA855F2274CE41259123C3331C0F6BC0', '10101111', 'error', 'The login user does not exist!', 'MODULEINFO', '登录服务', '40', '2021-04-27 15:51:46', '1');
INSERT INTO `admin_sm_message_en_us` VALUES ('eq368dc2fa84aa9b990f0c186893he13', '50500001', 'error', 'A dictionary entry cannot be empty', 'MODULEINFO', 'oca_lookupDict', 'admin', '2012-04-01 10:27:42', '1');
INSERT INTO `admin_sm_message_en_us` VALUES ('ge368dc2fa854aab990f0c146893he16', '50600001', 'error', 'The menu name already exists', 'MODULEINFO', 'oca_manu', 'admin', '2012-04-01 10:27:42', '1');
INSERT INTO `admin_sm_message_en_us` VALUES ('h2368dc2fa854aa9b990fc146893he10', '50300001', 'error', 'Business function has associated control point, cannot be deleted!', 'MODULEINFO', 'oca_smBusi', 'admin', '2012-04-01 10:27:42', '1');
INSERT INTO `admin_sm_message_en_us` VALUES ('he368dc2f854aa9b990f0c156893he15', '50500003', 'error', 'Dictionary read exception', 'MODULEINFO', 'oca_lookupDict', 'admin', '2012-04-01 10:27:42', '1');
INSERT INTO `admin_sm_message_en_us` VALUES ('l6338dc2fa354aa9b990f0c156843ce5', '50200002', 'error', 'This post is bound to a user, please delete the associated information before operation', 'MODULEINFO', 'oca_Duty', 'admin', '2012-04-01 10:27:42', '1');
INSERT INTO `admin_sm_message_en_us` VALUES ('le368dc2fa85aa9b990f0c226893he18', '50700002', 'error', 'This organization has the child organization or binding has other information, please delete the associated information after operation', 'MODULEINFO', 'oca_smOrg', 'admin', '2012-04-01 10:27:42', '1');
INSERT INTO `admin_sm_message_en_us` VALUES ('oe368dc2fa54aa9b990f0c176893he14', '50500002', 'error', 'Dictionary entries cannot be repeated', 'MODULEINFO', 'oca_lookupDict', 'admin', '2012-04-01 10:27:42', '1');
INSERT INTO `admin_sm_message_en_us` VALUES ('qe368dc2fa854aa9b90f0c776893he23', '51000003', 'error', 'The role number cannot be empty', 'MODULEINFO', 'oca_smUserRoleRel', 'admin', '2012-04-01 10:27:42', '1');
INSERT INTO `admin_sm_message_en_us` VALUES ('re368dc2fa854aa9b990f0c46893he21', '50900001', 'error', 'The user has been associated with the post', 'MODULEINFO', 'oca_smUserDutyRel', 'admin', '2012-04-01 10:27:42', '1');
INSERT INTO `admin_sm_message_en_us` VALUES ('re368dc2fa854aab990f0c146893he12', '50400002', 'error', 'Query condition resolution failed', 'MODULEINFO', 'oca_logicSys', 'admin', '2012-04-01 10:27:42', '1');
INSERT INTO `admin_sm_message_en_us` VALUES ('te368dc2fa854aa9b90f0c146893he22', '51000001', 'error', 'The user is already associated with the role', 'MODULEINFO', 'oca_smUserRoleRel', 'admin', '2012-04-01 10:27:42', '1');
INSERT INTO `admin_sm_message_en_us` VALUES ('ue368dc2fa854aa9b990fc546893h895', '50800003', 'error', 'The role code is empty', 'MODULEINFO', 'oca_smRole', 'admin', '2012-04-01 10:27:42', '1');
INSERT INTO `admin_sm_message_en_us` VALUES ('ue368dc2fa854aa9b990fc546893he19', '50800001', 'error', 'This role is bound to a user, please delete the associated information after operation', 'MODULEINFO', 'oca_smRole', 'admin', '2012-04-01 10:27:42', '1');
INSERT INTO `admin_sm_message_en_us` VALUES ('we368dc2fa854aa9b90f0c516893he17', '50700001', 'error', 'The newly added organization code already exists. Please operate after replacing the organization code', 'MODULEINFO', 'oca_smOrg', 'admin', '2012-04-01 10:27:42', '1');
INSERT INTO `admin_sm_message_en_us` VALUES ('ye368dc2fa854aa9b990f0c46893he20', '50800002', 'error', 'The newly added role code already exists. Please operate after changing the role code', 'MODULEINFO', 'oca_smRole', 'admin', '2012-04-01 10:27:42', '1');

INSERT INTO `admin_sm_message_en_us` VALUES ('F6213CF6370E4599B44DA390519ADB02', '10000004', 'error', 'The  user has expired!', 'MODULEINFO', 'UAA certification service', '40', '2022-03-28 19:11:24', '1');

INSERT INTO `admin_sm_message_en_us` VALUES('E0E1E4CF7F79437E87EC1F487570481C', '50100003', 'error', 'There are effective subordinate departments in this department. Please deactivate the corresponding subordinate departments before operation', 'MODULEINFO', 'oca_smDpt', '40', '2022-03-29 15:54:03', '1');

INSERT INTO `admin_sm_message_en_us` VALUES('928066CBA31147F7A1034956517B43BD', '50700003', 'error', 'The organization has a subsidiary in effective status. Please deactivate the relevant organization before operation', 'MODULEINFO', 'oca_smOrg', '40', '2022-03-29 16:17:35', '1');






-- ----------------------------
-- Records of admin_sm_org
-- ----------------------------
INSERT INTO `admin_sm_org` VALUES ('500', 'ecd20f1d26b2449fb763b73afa219d96', '500', '宇信集团', '1', 1, '北京市朝阳区酒仙桥北路甲10号', '200122', NULL, NULL, '500,', 'A', 'sys', '2021-08-19 10:41:44', '1');



-- ----------------------------
-- Records of admin_sm_password_log
-- ----------------------------
INSERT INTO `admin_sm_password_log` VALUES ('f52b592317c9435fb06a9d0f8fda2a24', '2019-02-26 15:42:29', 'Q1w2e3', '40', '54731a15d4914dd7afe871e851cef3e7', '40', '2021-02-02 10:37:30', '1');


-- ----------------------------
-- Records of admin_sm_prop
-- ----------------------------
INSERT INTO `admin_sm_prop` VALUES ('096afc84a1d345e0aa30efc1033760d2', '-HOST-', '附件链接IP', '//192.168.251.151', '目前针对富文本文件地址缺省配置', '100', '40', '2018-02-02 14:14:24', '1');
INSERT INTO `admin_sm_prop` VALUES ('09d4c04c806d43ffb54f3a59cc8f839a', '利率', '利率', '0.6', '美元汇率', '宇信银行', '40', '2017-12-29 16:32:56', '1');
INSERT INTO `admin_sm_prop` VALUES ('e344f612dac64f4f86c80b05c9cecb16', '-PORT-', '附件链接端口', ':8080', '目前针对富文本文件地址缺省配置', '100', '40', '2018-02-02 14:14:16', '1');
INSERT INTO `admin_sm_prop` VALUES ('f0b5a7f261524ecda5e1c86be20cafa3', '-AGRE-', '附件链接协议', 'http', '目前针对富文本文件地址缺省配置', '100', '40', '2018-02-02 14:14:29', '1');


-- ----------------------------
-- Records of admin_sm_res_contr
-- ----------------------------
INSERT INTO `admin_sm_res_contr` VALUES ('00C2EA4666414341953BF52361EF001D', 'B7C7026571514B68AA9CDA5CB0DE7446', 'batchenable', '启用', '/api/adminsmrole/batchenable', '启用角色', '40', '2021-01-21 02:43:25', 'POST', '1');
INSERT INTO `admin_sm_res_contr` VALUES ('00C6C44BA36F4C8D886B14F16462CD0D', '91A73ACB0D194590B79EC4C2D46D3718', 'add', '新增', '/api/schedule/save', NULL, '40', '2021-03-03 17:24:11', 'POST', '1');
INSERT INTO `admin_sm_res_contr` VALUES ('012AB7395A2B40C8BCCF8B9BA0017B7B', 'a9ab28c38ea24518b21a00f3a7078742', 'manageModel', '模块管理', NULL, NULL, '40', '2021-01-21 02:25:36', NULL, '1');
INSERT INTO `admin_sm_res_contr` VALUES ('04C941C1B20D444DA49E0A67FBC269A0', 'a9ab28c38ea24518b21a00f3a7078742', 'addModel', '新增业务功能模块', '/api/adminsmfuncmod/createmod', NULL, '40', '2021-01-21 02:26:33', 'POST', '1');
INSERT INTO `admin_sm_res_contr` VALUES ('0DC0231091154853BE6D786A28063406', '40F5579911E4481BACFD2218625BFC49', 'edit', '修改', '/api/adminsmorg/update', '修改机构', '40', '2021-01-21 02:32:06', 'POST', '1');
INSERT INTO `admin_sm_res_contr` VALUES ('111943B3462A40CDB701707CE3CF20D2', '40F5579911E4481BACFD2218625BFC49', 'batchenable', '启用', '/api/adminsmorg/batchenable', '启用机构', '40', '2021-01-21 02:34:23', 'POST', '1');
INSERT INTO `admin_sm_res_contr` VALUES ('11FAF4E2E0F64D638D494D0CA5B751F3', 'a9ab28c38ea24518b21a00f3a7078742', 'deleteModel', '删除业务功能模块', '/api/adminsmfuncmod/deletemod', NULL, '40', '2021-01-21 02:28:01', 'POST', '1');
INSERT INTO `admin_sm_res_contr` VALUES ('16F4279FA1D648A9B09D9B2B1FD41F69', '91A73ACB0D194590B79EC4C2D46D3718', 'edit', '修改', '/api/schedule/update', NULL, '40', '2021-03-03 17:24:51', 'POST', '1');
INSERT INTO `admin_sm_res_contr` VALUES ('1773A101108D4374B62922BB756DF973', 'E7AC13803C0C4E6A945EEC933DC733F8', 'edit', '修改', '/api/adminsmrescontr/editcontr', NULL, '40', '2021-01-21 01:30:15', 'POST', '1');
INSERT INTO `admin_sm_res_contr` VALUES ('1923B5AB74204B73ABD5C2F1592F7AF5', '24A93B02DBBF4527A9FBE312E73D5F00', 'batchenable', '启用', '/api/adminsmduty/batchenable', '启用岗位', '40', '2021-01-21 02:47:41', 'POST', '1');
INSERT INTO `admin_sm_res_contr` VALUES ('2164EEA2EBB84485B9A0DB2B52D4A0CB', '24A93B02DBBF4527A9FBE312E73D5F00', 'edit', '修改', '/api/adminsmduty/update', '修改岗位', '40', '2021-01-21 02:46:11', 'POST', '1');
INSERT INTO `admin_sm_res_contr` VALUES ('221B0C08DBC045D885F01DBF51CCE150', 'E8E329A3077C4D3F83D472BB2EDBC8B7', 'batchdisable', '停用', '/api/adminsmuser/batchdisable', '停用用户', '40', '2021-01-21 02:38:20', 'POST', '1');
INSERT INTO `admin_sm_res_contr` VALUES ('265A089B49234AB89A70B3B0BE0BB1E7', 'B7C7026571514B68AA9CDA5CB0DE7446', 'edit', '修改', '/api/adminsmrole/update', '修改角色', '40', '2021-01-21 02:41:24', 'POST', '1');
INSERT INTO `admin_sm_res_contr` VALUES ('26642B71FD5E42738DE144157FC5A7D1', 'a9ab28c38ea24518b21a00f3a7078742', 'edit', '修改', '/api/adminsmmenu/editmenu', NULL, '40', '2021-01-21 01:50:55', 'POST', '1');
INSERT INTO `admin_sm_res_contr` VALUES ('2664FFC2C7514B3F85735355BE4F035F', 'a9ab28c38ea24518b21a00f3a7078742', 'add', '新增', '/api/adminsmmenu/createmenu', NULL, '40', '2021-01-21 01:51:08', 'POST', '1');
INSERT INTO `admin_sm_res_contr` VALUES ('2752D965D6C141F9B99A12A82ACBBCF0', '91A73ACB0D194590B79EC4C2D46D3718', 'run', '立即执行', '/api/schedule/run', NULL, '40', '2021-03-03 17:27:23', 'POST', '1');
INSERT INTO `admin_sm_res_contr` VALUES ('27EF4775DECD48EBB2F31863433533AE', 'E7AC13803C0C4E6A945EEC933DC733F8', 'delete', '删除', '/api/adminsmrescontr/deletecontr/', NULL, '40', '2021-01-21 01:30:56', 'POST', '1');
INSERT INTO `admin_sm_res_contr` VALUES ('28AA89E0C0894FD98D88D0DD22F65654', 'a9ab28c38ea24518b21a00f3a7078742', 'addFunc', '新增业务功能', '/api/adminsmbusifunc/createfunc', NULL, '40', '2021-01-21 02:22:29', 'POST', '1');
INSERT INTO `admin_sm_res_contr` VALUES ('301FAB58F11A4C0289E6C39BFB73E965', 'B7C7026571514B68AA9CDA5CB0DE7446', 'adduserrolerel', '添加角色用户', '/api/adminsmrole/adduserrolerel/', '给角色添加关联用户', '40', '2021-01-21 02:51:22', 'POST', '1');
INSERT INTO `admin_sm_res_contr` VALUES ('320AD01F26CD454A94767F033600EDDF', 'B7C7026571514B68AA9CDA5CB0DE7446', 'add', '新增', '/api/adminsmrole/add', '新增角色', '40', '2021-01-21 02:40:55', 'POST', '1');
INSERT INTO `admin_sm_res_contr` VALUES ('35CD852A0AB5478F8135C3A19F8140F9', 'B7C7026571514B68AA9CDA5CB0DE7446', 'batchdisable', '停用', '/api/adminsmrole/batchdisable', '停用角色', '40', '2021-01-21 02:42:57', 'POST', '1');
INSERT INTO `admin_sm_res_contr` VALUES ('3A6D37B6E2E74F70A07E08F87831CB32', 'E8E329A3077C4D3F83D472BB2EDBC8B7', 'resetpassword', '重置密码', '/api/password/resetpassword', '重置用户密码为系统初始化密码', '40', '2021-01-21 02:40:07', 'POST', '1');
INSERT INTO `admin_sm_res_contr` VALUES ('3BA9999E99E849F4B9A4464F3D835E63', '7CA6A737A4474639AAA9CAC8F51352A1', 'add', '新增', '/api/adminsmdataauthtmpl/add', NULL, '40', '2021-01-21 01:26:40', 'POST', '1');
INSERT INTO `admin_sm_res_contr` VALUES ('3BEC98A5384546B8AA6E57178323BCEE', '8753B193DB2D4B9EA37EDB3A70EE473C', 'edit', '修改', '/api/adminsmlookupdict/update', NULL, '40', '2021-01-21 02:00:23', 'POST', '1');
INSERT INTO `admin_sm_res_contr` VALUES ('42B85043FD604D70ADE87B4236605E79', 'a9ab28c38ea24518b21a00f3a7078742', 'delete', '删除', '/api/adminsmmenu/deletemenu', NULL, '40', '2021-01-21 01:48:52', 'POST', '1');
INSERT INTO `admin_sm_res_contr` VALUES ('45084C7BA2AF4ECEAC5DF832CC32014A', '8AFA78FC0EF149ED848B0D0370BC6E27', 'edit', '修改', '/api/adminsmprop/update', NULL, '40', '2021-01-21 01:53:53', 'POST', '1');
INSERT INTO `admin_sm_res_contr` VALUES ('47BB5C68CED5406EA217BB54603B4488', '24A93B02DBBF4527A9FBE312E73D5F00', 'userlist', '岗位用户', '/api/adminsmduty/userlist', '岗位关联的用户', '40', '2021-01-21 02:48:53', 'GET', '1');
INSERT INTO `admin_sm_res_contr` VALUES ('493864374A7142A8BBE97C7CF891E8E9', '8452109860c947d89663d65a3f424056', 'save', '保存', '/api/authorization/saveAuth', NULL, '40', '2021-01-21 01:33:06', 'POST', '1');
INSERT INTO `admin_sm_res_contr` VALUES ('4E36A807F8324E92ACFBD0AD656A78AC', '8AFA78FC0EF149ED848B0D0370BC6E27', 'add', '新增', '/api/adminsmprop/save', NULL, '40', '2021-01-21 01:52:56', 'POST', '1');
INSERT INTO `admin_sm_res_contr` VALUES ('563D0DD4DC474931ACB6FAB88438D2C1', '24A93B02DBBF4527A9FBE312E73D5F00', 'batchdisable', '停用', '/api/adminsmduty/batchdisable', '停用岗位', '40', '2021-01-21 02:48:06', 'POST', '1');
INSERT INTO `admin_sm_res_contr` VALUES ('58BFB673B3A741E287BF6595A009E351', '24A93B02DBBF4527A9FBE312E73D5F00', 'add', '新增', '/api/adminsmduty/add', '新增岗位', '40', '2021-01-21 02:45:46', 'POST', '1');
INSERT INTO `admin_sm_res_contr` VALUES ('5B3F6DF881324FA6B686485B64A01001', '6810951EADB94581AC1A4F5D1177CC8B', 'add', '新增', '/api/adminsmmessage/save', NULL, '40', '2021-01-21 01:57:15', 'POST', '1');
INSERT INTO `admin_sm_res_contr` VALUES ('60A92D76219F45B3B4FB5C6F0194801B', 'E7AC13803C0C4E6A945EEC933DC733F8', 'add', '新增', '/api/adminsmrescontr/createcontr', NULL, '40', '2021-01-21 01:29:37', 'POST', '1');
INSERT INTO `admin_sm_res_contr` VALUES ('62CC4F50D1474FDBAC5B835713AC904A', 'a9ab28c38ea24518b21a00f3a7078742', 'editFunc', '修改业务功能', '/api/adminsmbusifunc/editfunc', NULL, '40', '2021-01-21 02:22:55', 'POST', '1');
INSERT INTO `admin_sm_res_contr` VALUES ('6757B757CD0540C9AB2146B34B0003D9', '5BC817347E054D648C6940C1498CD5B2', 'batchenable', '启用', '/api/adminsmdpt/batchenable', '批量启用', '40', '2021-01-21 01:42:51', 'POST', '1');
INSERT INTO `admin_sm_res_contr` VALUES ('67649F0F6C864E57B725FABA426049C8', 'E8E329A3077C4D3F83D472BB2EDBC8B7', 'batchenable', '启用', '/api/adminsmuser/batchenable', '启用用户', '40', '2021-01-21 02:37:40', 'POST', '1');
INSERT INTO `admin_sm_res_contr` VALUES ('6A344483B1F04634AE9A257FC90BCBC9', '8753B193DB2D4B9EA37EDB3A70EE473C', 'refresh', '刷新缓存', '/api/adminsmlookupdict/refreshdict', NULL, '40', '2021-01-21 02:01:48', 'POST', '1');
INSERT INTO `admin_sm_res_contr` VALUES ('6DD443E67AD749F7A159EE69FD67B74D', '7CA6A737A4474639AAA9CAC8F51352A1', 'edit', '修改', '/api/adminsmdataauthtmpl/updates', NULL, '40', '2021-01-21 01:27:38', 'POST', '1');
INSERT INTO `admin_sm_res_contr` VALUES ('6E4AB9BBBE18452ABA37F2268EFC3959', '91A73ACB0D194590B79EC4C2D46D3718', 'resume', '恢复', '/api/schedule/resume', NULL, '40', '2021-03-03 17:28:13', 'POST', '1');
INSERT INTO `admin_sm_res_contr` VALUES ('7167D24843AA405592357C5DDC53F89D', '5BC817347E054D648C6940C1498CD5B2', 'delete', '删除', '/api/adminsmdpt/batchdelete', '批量删除部门', '40', '2021-01-21 01:41:49', 'POST', '1');
INSERT INTO `admin_sm_res_contr` VALUES ('7C50C2FD935149F49DC0F8885B23054A', '8753B193DB2D4B9EA37EDB3A70EE473C', 'addItem', '新增字典项', '/api/adminsmlookupdict/insertdictitem', '给某个数据字典增加选项', '40', '2021-01-21 02:44:45', 'POST', '1');
INSERT INTO `admin_sm_res_contr` VALUES ('7DB983E2829B4ACA80B56EB51C3CA616', 'E8E329A3077C4D3F83D472BB2EDBC8B7', 'saveUserRel', '修改用户关联信息', NULL, '修改用户关联的机构角色岗位信息', '40', '2021-01-21 02:55:32', NULL, '1');
INSERT INTO `admin_sm_res_contr` VALUES ('7ECDBD72BDB24309AE51B25EB58EA8C1', 'B7C7026571514B68AA9CDA5CB0DE7446', 'delete', '删除', '/api/adminsmrole/batchdelete', '删除角色', '40', '2021-01-21 02:42:30', 'POST', '1');
INSERT INTO `admin_sm_res_contr` VALUES ('8028C73E637D4D39AAEF6C393010CCB7', 'E8E329A3077C4D3F83D472BB2EDBC8B7', 'delete', '删除', '/api/adminsmuser/batchdelete', '删除用户', '40', '2021-01-21 02:36:57', 'POST', '1');
INSERT INTO `admin_sm_res_contr` VALUES ('83FCB84688E8446C95835D55AC401358', '40F5579911E4481BACFD2218625BFC49', 'add', '新增', '/api/adminsmorg/save', '新增机构', '40', '2021-01-21 02:30:22', 'POST', '1');
INSERT INTO `admin_sm_res_contr` VALUES ('8CF7A370AD64430EAF019148C545D769', '5BC817347E054D648C6940C1498CD5B2', 'batchdisable', '停用', '/api/adminsmdpt/batchdisable', '批量停用', '40', '2021-01-21 01:45:25', 'POST', '1');
INSERT INTO `admin_sm_res_contr` VALUES ('91D7F6FE70254D3D9F17BDC1FCD8FC7C', '8452109860c947d89663d65a3f424056', 'copy', '复制授权', '/api/authorization/saveAuth', NULL, '40', '2021-01-21 01:34:04', 'POST', '1');
INSERT INTO `admin_sm_res_contr` VALUES ('91F6FAE07F25421A875A03AD8C562C96', 'E7AC13803C0C4E6A945EEC933DC733F8', 'relate', '关联数据模板', '/api/adminsmrescontr/relationtmpl', NULL, '40', '2021-01-21 03:07:59', 'POST', '1');
INSERT INTO `admin_sm_res_contr` VALUES ('9F530958A50E4BCEB8225E54AC2F4A15', 'a9ab28c38ea24518b21a00f3a7078742', 'editModel', '修改业务功能模块', '/api/adminsmfuncmod/editmod', NULL, '40', '2021-01-21 02:27:25', 'POST', '1');
INSERT INTO `admin_sm_res_contr` VALUES ('9FFC0739A50F4212977752295667F452', '7CA6A737A4474639AAA9CAC8F51352A1', 'delete', '删除', '/api/adminsmdataauthtmpl/deletes/', NULL, '40', '2021-01-21 01:28:48', 'POST', '1');
INSERT INTO `admin_sm_res_contr` VALUES ('A05320615A7F4FC5BE7D157299BEC8D7', '91A73ACB0D194590B79EC4C2D46D3718', 'pause', '暂停', '/api/schedule/pause', NULL, '40', '2021-03-03 17:26:18', 'POST', '1');
INSERT INTO `admin_sm_res_contr` VALUES ('A2AD3B8940B64BB5AC9FA26DDF1B60AB', 'a9ab28c38ea24518b21a00f3a7078742', 'deleteFunc', '删除业务功能', '/api/adminsmbusifunc/deletefunc', NULL, '40', '2021-01-21 02:23:24', 'POST', '1');
INSERT INTO `admin_sm_res_contr` VALUES ('A68FC89841394321AA813F03C4BD24EA', '6810951EADB94581AC1A4F5D1177CC8B', 'delete', '删除', '/api/adminsmmessage/delete/{ids}', NULL, '40', '2021-01-21 01:58:35', 'POST', '1');
INSERT INTO `admin_sm_res_contr` VALUES ('B0C77719E4A749DC8D0088F304E5B292', 'B7C7026571514B68AA9CDA5CB0DE7446', 'removeuserrolerel', '移除角色用户', '/api/adminsmrole/removeuserrolerel/', '移除角色关联用户', '40', '2021-01-21 02:52:16', 'POST', '1');
INSERT INTO `admin_sm_res_contr` VALUES ('B1EE1AAA3AF54402B777C6D1E33F6FA9', '5BC817347E054D648C6940C1498CD5B2', 'update', '更新', '/api/adminsmdpt/update', '更新部门', '40', '2021-01-21 01:40:49', 'POST', '1');
INSERT INTO `admin_sm_res_contr` VALUES ('B4B3B01DEC324BCA9175BEDDC6CE0F5F', '8AFA78FC0EF149ED848B0D0370BC6E27', 'delete', '删除', '/api/adminsmprop/delete/{ids}', NULL, '40', '2021-01-21 01:54:44', 'POST', '1');
INSERT INTO `admin_sm_res_contr` VALUES ('B62E466EA903483184116A03ADD43058', 'E8E329A3077C4D3F83D472BB2EDBC8B7', 'userRel', '用户关联信息', NULL, '查看用户关联的机构角色岗位信息', '40', '2021-01-21 02:54:46', NULL, '1');
INSERT INTO `admin_sm_res_contr` VALUES ('BC05275B7E9243CAB4C82F58446579C1', '40F5579911E4481BACFD2218625BFC49', 'batchdisable', '停用', '/api/adminsmorg/batchdisable', '停用机构', '40', '2021-01-21 02:33:54', 'POST', '1');
INSERT INTO `admin_sm_res_contr` VALUES ('C31B1B4437F84EDDB175B79C72B30FCE', '24A93B02DBBF4527A9FBE312E73D5F00', 'delete', '删除', '/api/adminsmduty/batchdelete', '删除岗位', '40', '2021-01-21 02:46:46', 'POST', '1');
INSERT INTO `admin_sm_res_contr` VALUES ('CD0D020A3EF448A8B94069764D72A89D', '40F5579911E4481BACFD2218625BFC49', 'delete', '删除', '/api/adminsmorg/batchdelete', '删除机构', '40', '2021-01-21 02:32:54', 'POST', '1');
INSERT INTO `admin_sm_res_contr` VALUES ('D979FE057BE54EFB969CFF3426417A18', 'B7C7026571514B68AA9CDA5CB0DE7446', 'userlist', '角色用户', '/api/adminsmrole/userlist', '角色关联的用户列表', '40', '2021-01-21 02:44:40', 'GET', '1');
INSERT INTO `admin_sm_res_contr` VALUES ('DBC0E92783474A47900C588C10A861C4', 'E8E329A3077C4D3F83D472BB2EDBC8B7', 'edit', '修改', '/api/adminsmuser/update', '修改用户', '40', '2021-01-21 02:36:18', 'POST', '1');
INSERT INTO `admin_sm_res_contr` VALUES ('DCE1FC18A8D249BEAC6CD3569D231975', '91A73ACB0D194590B79EC4C2D46D3718', 'delete', '删除', '/api/schedule/delete', NULL, '40', '2021-03-03 17:25:46', 'POST', '1');
INSERT INTO `admin_sm_res_contr` VALUES ('DDB3CFB48E4C4364A69AF70DCD4791C0', 'E8E329A3077C4D3F83D472BB2EDBC8B7', 'add', '新增', '/api/adminsmuser/add', '新增用户', '40', '2021-01-21 02:35:57', 'POST', '1');
INSERT INTO `admin_sm_res_contr` VALUES ('F2DE49327E5D4702AB6371B6F8F8D600', '5BC817347E054D648C6940C1498CD5B2', 'add', '新增', '/api/adminsmdpt/add', '部门新增', '40', '2021-01-21 01:39:37', 'POST', '1');
INSERT INTO `admin_sm_res_contr` VALUES ('F5CDBC860FB941ED9128826953436930', '8753B193DB2D4B9EA37EDB3A70EE473C', 'delete', '删除', '/api/adminsmlookupdict/delete/{ids}', NULL, '40', '2021-01-21 02:00:57', 'POST', '1');
INSERT INTO `admin_sm_res_contr` VALUES ('FAF21270C30B45FF951B0A7F036C5E07', '6810951EADB94581AC1A4F5D1177CC8B', 'edit', '修改', '/api/adminsmmessage/update', NULL, '40', '2021-01-21 01:58:03', 'POST', '1');
INSERT INTO `admin_sm_res_contr` VALUES ('FE037D065D174CC79932B297D962965B', '8753B193DB2D4B9EA37EDB3A70EE473C', 'add', '新增', '/api/adminsmlookupdict/save', NULL, '40', '2021-01-21 01:59:56', 'POST', '1');


-- ----------------------------
-- Records of admin_sm_res_contr_en_us
-- ----------------------------
INSERT INTO `admin_sm_res_contr_en_us` VALUES ('00C2EA4666414341953BF52361EF001D', 'B7C7026571514B68AA9CDA5CB0DE7446', 'batchenable', 'Enable', '/api/adminsmrole/batchenable', 'Enable role', '40', '2021-01-21 02:43:25', 'POST', '1');
INSERT INTO `admin_sm_res_contr_en_us` VALUES ('00C6C44BA36F4C8D886B14F16462CD0D', '91A73ACB0D194590B79EC4C2D46D3718', 'add', 'add', '/api/schedule/save', NULL, '40', '2021-03-03 17:24:11', 'POST', '1');
INSERT INTO `admin_sm_res_contr_en_us` VALUES ('012AB7395A2B40C8BCCF8B9BA0017B7B', 'a9ab28c38ea24518b21a00f3a7078742', 'manageModel', 'Module management', NULL, NULL, '40', '2021-01-21 02:25:36', NULL, '1');
INSERT INTO `admin_sm_res_contr_en_us` VALUES ('04C941C1B20D444DA49E0A67FBC269A0', 'a9ab28c38ea24518b21a00f3a7078742', 'addModel', 'New business function module', '/api/adminsmfuncmod/createmod', NULL, '40', '2021-01-21 02:26:33', 'POST', '1');
INSERT INTO `admin_sm_res_contr_en_us` VALUES ('0DC0231091154853BE6D786A28063406', '40F5579911E4481BACFD2218625BFC49', 'edit', 'modify', '/api/adminsmorg/update', 'Modification organization', '40', '2021-01-21 02:32:06', 'POST', '1');
INSERT INTO `admin_sm_res_contr_en_us` VALUES ('111943B3462A40CDB701707CE3CF20D2', '40F5579911E4481BACFD2218625BFC49', 'batchenable', 'Enable', '/api/adminsmorg/batchenable', 'Enabling mechanism', '40', '2021-01-21 02:34:23', 'POST', '1');
INSERT INTO `admin_sm_res_contr_en_us` VALUES ('11FAF4E2E0F64D638D494D0CA5B751F3', 'a9ab28c38ea24518b21a00f3a7078742', 'deleteModel', 'Delete business function module', '/api/adminsmfuncmod/deletemod', NULL, '40', '2021-01-21 02:28:01', 'POST', '1');
INSERT INTO `admin_sm_res_contr_en_us` VALUES ('16F4279FA1D648A9B09D9B2B1FD41F69', '91A73ACB0D194590B79EC4C2D46D3718', 'edit', 'modify', '/api/schedule/update', NULL, '40', '2021-03-03 17:24:51', 'POST', '1');
INSERT INTO `admin_sm_res_contr_en_us` VALUES ('1773A101108D4374B62922BB756DF973', 'E7AC13803C0C4E6A945EEC933DC733F8', 'edit', 'modify', '/api/adminsmrescontr/editcontr', NULL, '40', '2021-01-21 01:30:15', 'POST', '1');
INSERT INTO `admin_sm_res_contr_en_us` VALUES ('1923B5AB74204B73ABD5C2F1592F7AF5', '24A93B02DBBF4527A9FBE312E73D5F00', 'batchenable', 'Enable', '/api/adminsmduty/batchenable', 'Enable position', '40', '2021-01-21 02:47:41', 'POST', '1');
INSERT INTO `admin_sm_res_contr_en_us` VALUES ('2164EEA2EBB84485B9A0DB2B52D4A0CB', '24A93B02DBBF4527A9FBE312E73D5F00', 'edit', 'modify', '/api/adminsmduty/update', 'Modify position', '40', '2021-01-21 02:46:11', 'POST', '1');
INSERT INTO `admin_sm_res_contr_en_us` VALUES ('221B0C08DBC045D885F01DBF51CCE150', 'E8E329A3077C4D3F83D472BB2EDBC8B7', 'batchdisable', 'disabled', '/api/adminsmuser/batchdisable', 'Disabled user', '40', '2021-01-21 02:38:20', 'POST', '1');
INSERT INTO `admin_sm_res_contr_en_us` VALUES ('265A089B49234AB89A70B3B0BE0BB1E7', 'B7C7026571514B68AA9CDA5CB0DE7446', 'edit', 'modify', '/api/adminsmrole/update', 'Modify role', '40', '2021-01-21 02:41:24', 'POST', '1');
INSERT INTO `admin_sm_res_contr_en_us` VALUES ('26642B71FD5E42738DE144157FC5A7D1', 'a9ab28c38ea24518b21a00f3a7078742', 'edit', 'modify', '/api/adminsmmenu/editmenu', NULL, '40', '2021-01-21 01:50:55', 'POST', '1');
INSERT INTO `admin_sm_res_contr_en_us` VALUES ('2664FFC2C7514B3F85735355BE4F035F', 'a9ab28c38ea24518b21a00f3a7078742', 'add', 'add', '/api/adminsmmenu/createmenu', NULL, '40', '2021-01-21 01:51:08', 'POST', '1');
INSERT INTO `admin_sm_res_contr_en_us` VALUES ('2752D965D6C141F9B99A12A82ACBBCF0', '91A73ACB0D194590B79EC4C2D46D3718', 'run', 'Immediately', '/api/schedule/run', NULL, '40', '2021-03-03 17:27:23', 'POST', '1');
INSERT INTO `admin_sm_res_contr_en_us` VALUES ('27EF4775DECD48EBB2F31863433533AE', 'E7AC13803C0C4E6A945EEC933DC733F8', 'delete', 'delete', '/api/adminsmrescontr/deletecontr/', NULL, '40', '2021-01-21 01:30:56', 'POST', '1');
INSERT INTO `admin_sm_res_contr_en_us` VALUES ('28AA89E0C0894FD98D88D0DD22F65654', 'a9ab28c38ea24518b21a00f3a7078742', 'addFunc', 'New business functions', '/api/adminsmbusifunc/createfunc', NULL, '40', '2021-01-21 02:22:29', 'POST', '1');
INSERT INTO `admin_sm_res_contr_en_us` VALUES ('301FAB58F11A4C0289E6C39BFB73E965', 'B7C7026571514B68AA9CDA5CB0DE7446', 'adduserrolerel', 'Add role user', '/api/adminsmrole/adduserrolerel/', 'Add associated users to roles', '40', '2021-01-21 02:51:22', 'POST', '1');
INSERT INTO `admin_sm_res_contr_en_us` VALUES ('320AD01F26CD454A94767F033600EDDF', 'B7C7026571514B68AA9CDA5CB0DE7446', 'add', 'add', '/api/adminsmrole/add', 'add role', '40', '2021-01-21 02:40:55', 'POST', '1');
INSERT INTO `admin_sm_res_contr_en_us` VALUES ('35CD852A0AB5478F8135C3A19F8140F9', 'B7C7026571514B68AA9CDA5CB0DE7446', 'batchdisable', 'disabled', '/api/adminsmrole/batchdisable', 'disabled role', '40', '2021-01-21 02:42:57', 'POST', '1');
INSERT INTO `admin_sm_res_contr_en_us` VALUES ('3A6D37B6E2E74F70A07E08F87831CB32', 'E8E329A3077C4D3F83D472BB2EDBC8B7', 'resetpassword', 'reset password', '/api/password/resetpassword', 'Reset user password to system initialization password', '40', '2021-01-21 02:40:07', 'POST', '1');
INSERT INTO `admin_sm_res_contr_en_us` VALUES ('3BA9999E99E849F4B9A4464F3D835E63', '7CA6A737A4474639AAA9CAC8F51352A1', 'add', 'add', '/api/adminsmdataauthtmpl/add', NULL, '40', '2021-01-21 01:26:40', 'POST', '1');
INSERT INTO `admin_sm_res_contr_en_us` VALUES ('3BEC98A5384546B8AA6E57178323BCEE', '8753B193DB2D4B9EA37EDB3A70EE473C', 'edit', 'modify', '/api/adminsmlookupdict/update', NULL, '40', '2021-01-21 02:00:23', 'POST', '1');
INSERT INTO `admin_sm_res_contr_en_us` VALUES ('42B85043FD604D70ADE87B4236605E79', 'a9ab28c38ea24518b21a00f3a7078742', 'delete', 'delete', '/api/adminsmmenu/deletemenu', NULL, '40', '2021-01-21 01:48:52', 'POST', '1');
INSERT INTO `admin_sm_res_contr_en_us` VALUES ('45084C7BA2AF4ECEAC5DF832CC32014A', '8AFA78FC0EF149ED848B0D0370BC6E27', 'edit', 'modify', '/api/adminsmprop/update', NULL, '40', '2021-01-21 01:53:53', 'POST', '1');
INSERT INTO `admin_sm_res_contr_en_us` VALUES ('47BB5C68CED5406EA217BB54603B4488', '24A93B02DBBF4527A9FBE312E73D5F00', 'userlist', 'Post user', '/api/adminsmduty/userlist', 'Users associated with positions', '40', '2021-01-21 02:48:53', 'GET', '1');
INSERT INTO `admin_sm_res_contr_en_us` VALUES ('493864374A7142A8BBE97C7CF891E8E9', '8452109860c947d89663d65a3f424056', 'save', 'save', '/api/authorization/saveAuth', NULL, '40', '2021-01-21 01:33:06', 'POST', '1');
INSERT INTO `admin_sm_res_contr_en_us` VALUES ('4E36A807F8324E92ACFBD0AD656A78AC', '8AFA78FC0EF149ED848B0D0370BC6E27', 'add', 'add', '/api/adminsmprop/save', NULL, '40', '2021-01-21 01:52:56', 'POST', '1');
INSERT INTO `admin_sm_res_contr_en_us` VALUES ('563D0DD4DC474931ACB6FAB88438D2C1', '24A93B02DBBF4527A9FBE312E73D5F00', 'batchdisable', 'disabled', '/api/adminsmduty/batchdisable', 'disabled post', '40', '2021-01-21 02:48:06', 'POST', '1');
INSERT INTO `admin_sm_res_contr_en_us` VALUES ('58BFB673B3A741E287BF6595A009E351', '24A93B02DBBF4527A9FBE312E73D5F00', 'add', 'add', '/api/adminsmduty/add', 'add post', '40', '2021-01-21 02:45:46', 'POST', '1');
INSERT INTO `admin_sm_res_contr_en_us` VALUES ('5B3F6DF881324FA6B686485B64A01001', '6810951EADB94581AC1A4F5D1177CC8B', 'add', 'add', '/api/adminsmmessage/save', NULL, '40', '2021-01-21 01:57:15', 'POST', '1');
INSERT INTO `admin_sm_res_contr_en_us` VALUES ('60A92D76219F45B3B4FB5C6F0194801B', 'E7AC13803C0C4E6A945EEC933DC733F8', 'add', 'add', '/api/adminsmrescontr/createcontr', NULL, '40', '2021-01-21 01:29:37', 'POST', '1');
INSERT INTO `admin_sm_res_contr_en_us` VALUES ('62CC4F50D1474FDBAC5B835713AC904A', 'a9ab28c38ea24518b21a00f3a7078742', 'editFunc', 'Modify business functions', '/api/adminsmbusifunc/editfunc', NULL, '40', '2021-01-21 02:22:55', 'POST', '1');
INSERT INTO `admin_sm_res_contr_en_us` VALUES ('6757B757CD0540C9AB2146B34B0003D9', '5BC817347E054D648C6940C1498CD5B2', 'batchenable', 'enable', '/api/adminsmdpt/batchenable', 'batch enable', '40', '2021-01-21 01:42:51', 'POST', '1');
INSERT INTO `admin_sm_res_contr_en_us` VALUES ('67649F0F6C864E57B725FABA426049C8', 'E8E329A3077C4D3F83D472BB2EDBC8B7', 'batchenable', 'enable', '/api/adminsmuser/batchenable', 'enable user', '40', '2021-01-21 02:37:40', 'POST', '1');
INSERT INTO `admin_sm_res_contr_en_us` VALUES ('6A344483B1F04634AE9A257FC90BCBC9', '8753B193DB2D4B9EA37EDB3A70EE473C', 'refresh', 'Refresh cache', '/api/adminsmlookupdict/refreshdict', NULL, '40', '2021-01-21 02:01:48', 'POST', '1');
INSERT INTO `admin_sm_res_contr_en_us` VALUES ('6DD443E67AD749F7A159EE69FD67B74D', '7CA6A737A4474639AAA9CAC8F51352A1', 'edit', 'Modify', '/api/adminsmdataauthtmpl/updates', NULL, '40', '2021-01-21 01:27:38', 'POST', '1');
INSERT INTO `admin_sm_res_contr_en_us` VALUES ('6E4AB9BBBE18452ABA37F2268EFC3959', '91A73ACB0D194590B79EC4C2D46D3718', 'resume', 'recovery', '/api/schedule/resume', NULL, '40', '2021-03-03 17:28:13', 'POST', '1');
INSERT INTO `admin_sm_res_contr_en_us` VALUES ('7167D24843AA405592357C5DDC53F89D', '5BC817347E054D648C6940C1498CD5B2', 'delete', 'delete', '/api/adminsmdpt/batchdelete', 'Delete department in batch', '40', '2021-01-21 01:41:49', 'POST', '1');
INSERT INTO `admin_sm_res_contr_en_us` VALUES ('7C50C2FD935149F49DC0F8885B23054A', '8753B193DB2D4B9EA37EDB3A70EE473C', 'addItem', 'New dictionary entry', '/api/adminsmlookupdict/insertdictitem', 'Add options to a data dictionary', '40', '2021-01-21 02:44:45', 'POST', '1');
INSERT INTO `admin_sm_res_contr_en_us` VALUES ('7DB983E2829B4ACA80B56EB51C3CA616', 'E8E329A3077C4D3F83D472BB2EDBC8B7', 'saveUserRel', 'Modify user association information', NULL, 'Modify the position information of the organization role associated with the user', '40', '2021-01-21 02:55:32', NULL, '1');
INSERT INTO `admin_sm_res_contr_en_us` VALUES ('7ECDBD72BDB24309AE51B25EB58EA8C1', 'B7C7026571514B68AA9CDA5CB0DE7446', 'delete', 'delete', '/api/adminsmrole/batchdelete', 'delete role', '40', '2021-01-21 02:42:30', 'POST', '1');
INSERT INTO `admin_sm_res_contr_en_us` VALUES ('8028C73E637D4D39AAEF6C393010CCB7', 'E8E329A3077C4D3F83D472BB2EDBC8B7', 'delete', 'delete', '/api/adminsmuser/batchdelete', 'delete user', '40', '2021-01-21 02:36:57', 'POST', '1');
INSERT INTO `admin_sm_res_contr_en_us` VALUES ('83FCB84688E8446C95835D55AC401358', '40F5579911E4481BACFD2218625BFC49', 'add', 'add', '/api/adminsmorg/save', 'add institutions', '40', '2021-01-21 02:30:22', 'POST', '1');
INSERT INTO `admin_sm_res_contr_en_us` VALUES ('8CF7A370AD64430EAF019148C545D769', '5BC817347E054D648C6940C1498CD5B2', 'batchdisable', 'disabled', '/api/adminsmdpt/batchdisable', 'batch disabled', '40', '2021-01-21 01:45:25', 'POST', '1');
INSERT INTO `admin_sm_res_contr_en_us` VALUES ('91D7F6FE70254D3D9F17BDC1FCD8FC7C', '8452109860c947d89663d65a3f424056', 'copy', 'Copy authorization', '/api/authorization/saveAuth', NULL, '40', '2021-01-21 01:34:04', 'POST', '1');
INSERT INTO `admin_sm_res_contr_en_us` VALUES ('91F6FAE07F25421A875A03AD8C562C96', 'E7AC13803C0C4E6A945EEC933DC733F8', 'relate', 'Associated data template', '/api/adminsmrescontr/relationtmpl', NULL, '40', '2021-01-21 03:07:59', 'POST', '1');
INSERT INTO `admin_sm_res_contr_en_us` VALUES ('9F530958A50E4BCEB8225E54AC2F4A15', 'a9ab28c38ea24518b21a00f3a7078742', 'editModel', 'Modify business function module', '/api/adminsmfuncmod/editmod', NULL, '40', '2021-01-21 02:27:25', 'POST', '1');
INSERT INTO `admin_sm_res_contr_en_us` VALUES ('9FFC0739A50F4212977752295667F452', '7CA6A737A4474639AAA9CAC8F51352A1', 'delete', 'delete', '/api/adminsmdataauthtmpl/deletes/', NULL, '40', '2021-01-21 01:28:48', 'POST', '1');
INSERT INTO `admin_sm_res_contr_en_us` VALUES ('A05320615A7F4FC5BE7D157299BEC8D7', '91A73ACB0D194590B79EC4C2D46D3718', 'pause', 'suspend', '/api/schedule/pause', NULL, '40', '2021-03-03 17:26:18', 'POST', '1');
INSERT INTO `admin_sm_res_contr_en_us` VALUES ('A2AD3B8940B64BB5AC9FA26DDF1B60AB', 'a9ab28c38ea24518b21a00f3a7078742', 'deleteFunc', 'Delete business function', '/api/adminsmbusifunc/deletefunc', NULL, '40', '2021-01-21 02:23:24', 'POST', '1');
INSERT INTO `admin_sm_res_contr_en_us` VALUES ('A68FC89841394321AA813F03C4BD24EA', '6810951EADB94581AC1A4F5D1177CC8B', 'delete', 'delete', '/api/adminsmmessage/delete/{ids}', NULL, '40', '2021-01-21 01:58:35', 'POST', '1');
INSERT INTO `admin_sm_res_contr_en_us` VALUES ('B0C77719E4A749DC8D0088F304E5B292', 'B7C7026571514B68AA9CDA5CB0DE7446', 'removeuserrolerel', 'Remove role users', '/api/adminsmrole/removeuserrolerel/', 'Remove role associated user', '40', '2021-01-21 02:52:16', 'POST', '1');
INSERT INTO `admin_sm_res_contr_en_us` VALUES ('B1EE1AAA3AF54402B777C6D1E33F6FA9', '5BC817347E054D648C6940C1498CD5B2', 'update', 'update', '/api/adminsmdpt/update', 'Update department', '40', '2021-01-21 01:40:49', 'POST', '1');
INSERT INTO `admin_sm_res_contr_en_us` VALUES ('B4B3B01DEC324BCA9175BEDDC6CE0F5F', '8AFA78FC0EF149ED848B0D0370BC6E27', 'delete', 'delete', '/api/adminsmprop/delete/{ids}', NULL, '40', '2021-01-21 01:54:44', 'POST', '1');
INSERT INTO `admin_sm_res_contr_en_us` VALUES ('B62E466EA903483184116A03ADD43058', 'E8E329A3077C4D3F83D472BB2EDBC8B7', 'userRel', 'User association information', NULL, 'View the position information of the organization role associated with the user', '40', '2021-01-21 02:54:46', NULL, '1');
INSERT INTO `admin_sm_res_contr_en_us` VALUES ('BC05275B7E9243CAB4C82F58446579C1', '40F5579911E4481BACFD2218625BFC49', 'batchdisable', 'disabled', '/api/adminsmorg/batchdisable', 'disabled organization', '40', '2021-01-21 02:33:54', 'POST', '1');
INSERT INTO `admin_sm_res_contr_en_us` VALUES ('C31B1B4437F84EDDB175B79C72B30FCE', '24A93B02DBBF4527A9FBE312E73D5F00', 'delete', 'delete', '/api/adminsmduty/batchdelete', 'Delete post', '40', '2021-01-21 02:46:46', 'POST', '1');
INSERT INTO `admin_sm_res_contr_en_us` VALUES ('CD0D020A3EF448A8B94069764D72A89D', '40F5579911E4481BACFD2218625BFC49', 'delete', 'delete', '/api/adminsmorg/batchdelete', 'Delete organization', '40', '2021-01-21 02:32:54', 'POST', '1');
INSERT INTO `admin_sm_res_contr_en_us` VALUES ('D979FE057BE54EFB969CFF3426417A18', 'B7C7026571514B68AA9CDA5CB0DE7446', 'userlist', 'Role users', '/api/adminsmrole/userlist', 'List of users associated with roles', '40', '2021-01-21 02:44:40', 'GET', '1');
INSERT INTO `admin_sm_res_contr_en_us` VALUES ('DBC0E92783474A47900C588C10A861C4', 'E8E329A3077C4D3F83D472BB2EDBC8B7', 'edit', 'modify', '/api/adminsmuser/update', 'modify user', '40', '2021-01-21 02:36:18', 'POST', '1');
INSERT INTO `admin_sm_res_contr_en_us` VALUES ('DCE1FC18A8D249BEAC6CD3569D231975', '91A73ACB0D194590B79EC4C2D46D3718', 'delete', 'delete', '/api/schedule/delete', NULL, '40', '2021-03-03 17:25:46', 'POST', '1');
INSERT INTO `admin_sm_res_contr_en_us` VALUES ('DDB3CFB48E4C4364A69AF70DCD4791C0', 'E8E329A3077C4D3F83D472BB2EDBC8B7', 'add', 'add', '/api/adminsmuser/add', 'add user', '40', '2021-01-21 02:35:57', 'POST', '1');
INSERT INTO `admin_sm_res_contr_en_us` VALUES ('F2DE49327E5D4702AB6371B6F8F8D600', '5BC817347E054D648C6940C1498CD5B2', 'add', 'add', '/api/adminsmdpt/add', 'add department', '40', '2021-01-21 01:39:37', 'POST', '1');
INSERT INTO `admin_sm_res_contr_en_us` VALUES ('F5CDBC860FB941ED9128826953436930', '8753B193DB2D4B9EA37EDB3A70EE473C', 'delete', 'delete', '/api/adminsmlookupdict/delete/{ids}', NULL, '40', '2021-01-21 02:00:57', 'POST', '1');
INSERT INTO `admin_sm_res_contr_en_us` VALUES ('FAF21270C30B45FF951B0A7F036C5E07', '6810951EADB94581AC1A4F5D1177CC8B', 'edit', 'modify', '/api/adminsmmessage/update', NULL, '40', '2021-01-21 01:58:03', 'POST', '1');
INSERT INTO `admin_sm_res_contr_en_us` VALUES ('FE037D065D174CC79932B297D962965B', '8753B193DB2D4B9EA37EDB3A70EE473C', 'add', 'add', '/api/adminsmlookupdict/save', NULL, '40', '2021-01-21 01:59:56', 'POST', '1');




-- ----------------------------
-- Records of admin_sm_role
-- ----------------------------
INSERT INTO `admin_sm_role` VALUES ('cc81a8d86f274c81bc680a0bbd27e358', 'R001', '系统管理员角色', '500', '2', 'A', '40', '2021-02-02 10:37:30', '1');


-- ----------------------------
-- Records of admin_sm_role_en_us
-- ----------------------------
INSERT INTO `admin_sm_role_en_us` VALUES ('cc81a8d86f274c81bc680a0bbd27e358', 'R001', 'System administrator role', '500', '2', 'A', '40', '2021-02-02 10:37:30', '1');


-- ----------------------------
-- Records of admin_sm_tenant
-- ----------------------------
INSERT INTO `admin_sm_tenant` VALUES ('1', '系统默认租户', '系统默认租户单位', '0', 'admin', '2021-09-17 15:40:10', '1');


-- ----------------------------
-- Records of admin_sm_tenant_en_us
-- ----------------------------
INSERT INTO `admin_sm_tenant_en_us` VALUES ('2', 'System default tenant', 'System default tenant unit', '0', 'admin', '2021-09-17 15:40:10', '2');


-- ----------------------------
-- Records of admin_sm_user
-- ----------------------------
INSERT INTO `admin_sm_user` VALUES ('40', 'admin', '系统管理员', 'A', NULL, '888888', '2099-12-31 00:00:00', '500', '500', '$2a$10$Hsovhxs5qwereLi2AA/kWuYILacL9iWYdRKXBA/CWUGwM/xSX.HJK', '1', NULL, 'xx@qq.com', NULL, NULL, NULL, NULL, NULL, NULL, NULL, NULL, NULL, '', 'A', '2021-09-30 11:02:37', '2019-01-04 09:50:52', '40', '2020-01-15 21:12:52', NULL, NULL, NULL, NULL, NULL, '1');




-- ----------------------------
-- Records of admin_sm_user_en_us
-- ----------------------------
INSERT INTO `admin_sm_user_en_us` VALUES ('40', 'admin', 'system administrator', 'A', NULL, '888888', '2099-12-31 00:00:00', '500', '500', '$2a$10$Hsovhxs5qwereLi2AA/kWuYILacL9iWYdRKXBA/CWUGwM/xSX.HJK', '1', NULL, 'xx@qq.com', NULL, NULL, NULL, NULL, NULL, NULL, NULL, NULL, NULL, '', 'A', '2020-01-15 21:12:52', '2019-01-04 09:50:52', '40', '2020-01-15 21:12:52', NULL, NULL, NULL, NULL, NULL, '1');



-- ----------------------------
-- Records of admin_sm_user_role_rel
-- ----------------------------
INSERT INTO `admin_sm_user_role_rel` VALUES ('a2fa6f4c28e34de2ab22cf549de41e31', '40', 'cc81a8d86f274c81bc680a0bbd27e358', '40', '2020-01-14 16:46:34', '1','1');



-- ----------------------------
-- Records of oauth_client_details
-- ----------------------------
INSERT INTO `oauth_client_details` VALUES ('test', NULL, '$2a$10$KUCCWBOdNbJxCUIIl49.Kev8Lgnb8gMu/XJIdqY0ZuiDUZIcs5ww6', 'read,write', 'password,oca,third_party,refresh_token', NULL, NULL, 18000, NULL, '{\r\n	\"image_status\": \"false\"\r\n}', 'true');



